path,filename,instance_name,class,n,m,p,coef_nd_pct,const_mat_non_zeros,range_coeff_min,range_coeff_max,n_binary,n_integer,range_int_min,range_int_max
instances/raw/PPP/3obj/Forget21-PPP_10_3_1-100_1-100_1-2500_1_50_random_10_10.raw,Forget21-PPP_10_3_1-100_1-100_1-2500_1_50_random_10_10.raw,Forget21-PPP_10_3_1-100_1-100_1-2500_1_50_random_10_10,PPP,30,20,3,0.2,0.04833333333333333,1,2320,10,20,0,265
instances/raw/PPP/3obj/Forget21-PPP_10_3_1-100_1-100_1-2500_1_50_random_1_1.raw,Forget21-PPP_10_3_1-100_1-100_1-2500_1_50_random_1_1.raw,Forget21-PPP_10_3_1-100_1-100_1-2500_1_50_random_1_1,PPP,30,20,3,0.2,0.04833333333333333,1,2455,10,20,0,246
instances/raw/PPP/3obj/Forget21-PPP_10_3_1-100_1-100_1-2500_1_50_random_2_2.raw,Forget21-PPP_10_3_1-100_1-100_1-2500_1_50_random_2_2.raw,Forget21-PPP_10_3_1-100_1-100_1-2500_1_50_random_2_2,PPP,30,20,3,0.16666666666666666,0.04833333333333333,3,2487,10,20,0,252
instances/raw/PPP/3obj/Forget21-PPP_10_3_1-100_1-100_1-2500_1_50_random_3_3.raw,Forget21-PPP_10_3_1-100_1-100_1-2500_1_50_random_3_3.raw,Forget21-PPP_10_3_1-100_1-100_1-2500_1_50_random_3_3,PPP,30,20,3,0.2,0.04833333333333333,1,2328,10,20,0,266
instances/raw/PPP/3obj/Forget21-PPP_10_3_1-100_1-100_1-2500_1_50_random_4_4.raw,Forget21-PPP_10_3_1-100_1-100_1-2500_1_50_random_4_4.raw,Forget21-PPP_10_3_1-100_1-100_1-2500_1_50_random_4_4,PPP,30,20,3,0.16666666666666666,0.04833333333333333,2,2459,10,20,0,235
instances/raw/PPP/3obj/Forget21-PPP_10_3_1-100_1-100_1-2500_1_50_random_5_5.raw,Forget21-PPP_10_3_1-100_1-100_1-2500_1_50_random_5_5.raw,Forget21-PPP_10_3_1-100_1-100_1-2500_1_50_random_5_5,PPP,30,20,3,0.16666666666666666,0.04833333333333333,1,2413,10,20,0,274
instances/raw/PPP/3obj/Forget21-PPP_10_3_1-100_1-100_1-2500_1_50_random_6_6.raw,Forget21-PPP_10_3_1-100_1-100_1-2500_1_50_random_6_6.raw,Forget21-PPP_10_3_1-100_1-100_1-2500_1_50_random_6_6,PPP,30,20,3,0.1,0.04833333333333333,3,2460,10,20,0,208
instances/raw/PPP/3obj/Forget21-PPP_10_3_1-100_1-100_1-2500_1_50_random_7_7.raw,Forget21-PPP_10_3_1-100_1-100_1-2500_1_50_random_7_7.raw,Forget21-PPP_10_3_1-100_1-100_1-2500_1_50_random_7_7,PPP,30,20,3,0.2,0.04833333333333333,1,2498,10,20,0,276
instances/raw/PPP/3obj/Forget21-PPP_10_3_1-100_1-100_1-2500_1_50_random_8_8.raw,Forget21-PPP_10_3_1-100_1-100_1-2500_1_50_random_8_8.raw,Forget21-PPP_10_3_1-100_1-100_1-2500_1_50_random_8_8,PPP,30,20,3,0.2,0.04833333333333333,1,2479,10,20,0,288
instances/raw/PPP/3obj/Forget21-PPP_10_3_1-100_1-100_1-2500_1_50_random_9_9.raw,Forget21-PPP_10_3_1-100_1-100_1-2500_1_50_random_9_9.raw,Forget21-PPP_10_3_1-100_1-100_1-2500_1_50_random_9_9,PPP,30,20,3,0.1,0.04833333333333333,4,2477,10,20,0,166
instances/raw/PPP/3obj/Forget21-PPP_11_3_1-100_1-100_1-2500_1_50_random_10_10.raw,Forget21-PPP_11_3_1-100_1-100_1-2500_1_50_random_10_10.raw,Forget21-PPP_11_3_1-100_1-100_1-2500_1_50_random_10_10,PPP,33,22,3,0.09090909090909091,0.0440771349862259,2,2389,11,22,0,296
instances/raw/PPP/3obj/Forget21-PPP_11_3_1-100_1-100_1-2500_1_50_random_1_1.raw,Forget21-PPP_11_3_1-100_1-100_1-2500_1_50_random_1_1.raw,Forget21-PPP_11_3_1-100_1-100_1-2500_1_50_random_1_1,PPP,33,22,3,0.15151515151515152,0.0440771349862259,2,2375,11,22,0,246
instances/raw/PPP/3obj/Forget21-PPP_11_3_1-100_1-100_1-2500_1_50_random_2_2.raw,Forget21-PPP_11_3_1-100_1-100_1-2500_1_50_random_2_2.raw,Forget21-PPP_11_3_1-100_1-100_1-2500_1_50_random_2_2,PPP,33,22,3,0.21212121212121213,0.0440771349862259,2,2283,11,22,0,291
instances/raw/PPP/3obj/Forget21-PPP_11_3_1-100_1-100_1-2500_1_50_random_3_3.raw,Forget21-PPP_11_3_1-100_1-100_1-2500_1_50_random_3_3.raw,Forget21-PPP_11_3_1-100_1-100_1-2500_1_50_random_3_3,PPP,33,22,3,0.12121212121212122,0.0440771349862259,1,2444,11,22,0,296
instances/raw/PPP/3obj/Forget21-PPP_11_3_1-100_1-100_1-2500_1_50_random_4_4.raw,Forget21-PPP_11_3_1-100_1-100_1-2500_1_50_random_4_4.raw,Forget21-PPP_11_3_1-100_1-100_1-2500_1_50_random_4_4,PPP,33,22,3,0.18181818181818182,0.0440771349862259,2,2330,11,22,0,326
instances/raw/PPP/3obj/Forget21-PPP_11_3_1-100_1-100_1-2500_1_50_random_5_5.raw,Forget21-PPP_11_3_1-100_1-100_1-2500_1_50_random_5_5.raw,Forget21-PPP_11_3_1-100_1-100_1-2500_1_50_random_5_5,PPP,33,22,3,0.18181818181818182,0.0440771349862259,2,2414,11,22,0,326
instances/raw/PPP/3obj/Forget21-PPP_11_3_1-100_1-100_1-2500_1_50_random_6_6.raw,Forget21-PPP_11_3_1-100_1-100_1-2500_1_50_random_6_6.raw,Forget21-PPP_11_3_1-100_1-100_1-2500_1_50_random_6_6,PPP,33,22,3,0.12121212121212122,0.0440771349862259,1,2437,11,22,0,243
instances/raw/PPP/3obj/Forget21-PPP_11_3_1-100_1-100_1-2500_1_50_random_7_7.raw,Forget21-PPP_11_3_1-100_1-100_1-2500_1_50_random_7_7.raw,Forget21-PPP_11_3_1-100_1-100_1-2500_1_50_random_7_7,PPP,33,22,3,0.15151515151515152,0.0440771349862259,1,2496,11,22,0,278
instances/raw/PPP/3obj/Forget21-PPP_11_3_1-100_1-100_1-2500_1_50_random_8_8.raw,Forget21-PPP_11_3_1-100_1-100_1-2500_1_50_random_8_8.raw,Forget21-PPP_11_3_1-100_1-100_1-2500_1_50_random_8_8,PPP,33,22,3,0.06060606060606061,0.0440771349862259,1,2494,11,22,0,288
instances/raw/PPP/3obj/Forget21-PPP_11_3_1-100_1-100_1-2500_1_50_random_9_9.raw,Forget21-PPP_11_3_1-100_1-100_1-2500_1_50_random_9_9.raw,Forget21-PPP_11_3_1-100_1-100_1-2500_1_50_random_9_9,PPP,33,22,3,0.18181818181818182,0.0440771349862259,1,2428,11,22,0,387
instances/raw/PPP/3obj/Forget21-PPP_13_3_1-100_1-100_1-2500_1_50_random_10_10.raw,Forget21-PPP_13_3_1-100_1-100_1-2500_1_50_random_10_10.raw,Forget21-PPP_13_3_1-100_1-100_1-2500_1_50_random_10_10,PPP,39,26,3,0.15384615384615385,0.03747534516765286,1,2479,13,26,0,271
instances/raw/PPP/3obj/Forget21-PPP_13_3_1-100_1-100_1-2500_1_50_random_1_1.raw,Forget21-PPP_13_3_1-100_1-100_1-2500_1_50_random_1_1.raw,Forget21-PPP_13_3_1-100_1-100_1-2500_1_50_random_1_1,PPP,39,26,3,0.20512820512820512,0.03747534516765286,3,2475,13,26,0,289
instances/raw/PPP/3obj/Forget21-PPP_13_3_1-100_1-100_1-2500_1_50_random_2_2.raw,Forget21-PPP_13_3_1-100_1-100_1-2500_1_50_random_2_2.raw,Forget21-PPP_13_3_1-100_1-100_1-2500_1_50_random_2_2,PPP,39,26,3,0.1794871794871795,0.03747534516765286,1,2483,13,26,0,360
instances/raw/PPP/3obj/Forget21-PPP_13_3_1-100_1-100_1-2500_1_50_random_3_3.raw,Forget21-PPP_13_3_1-100_1-100_1-2500_1_50_random_3_3.raw,Forget21-PPP_13_3_1-100_1-100_1-2500_1_50_random_3_3,PPP,39,26,3,0.20512820512820512,0.03747534516765286,3,2294,13,26,0,393
instances/raw/PPP/3obj/Forget21-PPP_13_3_1-100_1-100_1-2500_1_50_random_4_4.raw,Forget21-PPP_13_3_1-100_1-100_1-2500_1_50_random_4_4.raw,Forget21-PPP_13_3_1-100_1-100_1-2500_1_50_random_4_4,PPP,39,26,3,0.15384615384615385,0.03747534516765286,1,2314,13,26,0,323
instances/raw/PPP/3obj/Forget21-PPP_13_3_1-100_1-100_1-2500_1_50_random_5_5.raw,Forget21-PPP_13_3_1-100_1-100_1-2500_1_50_random_5_5.raw,Forget21-PPP_13_3_1-100_1-100_1-2500_1_50_random_5_5,PPP,39,26,3,0.15384615384615385,0.03747534516765286,3,2498,13,26,0,379
instances/raw/PPP/3obj/Forget21-PPP_13_3_1-100_1-100_1-2500_1_50_random_6_6.raw,Forget21-PPP_13_3_1-100_1-100_1-2500_1_50_random_6_6.raw,Forget21-PPP_13_3_1-100_1-100_1-2500_1_50_random_6_6,PPP,39,26,3,0.10256410256410256,0.03747534516765286,1,2432,13,26,0,376
instances/raw/PPP/3obj/Forget21-PPP_13_3_1-100_1-100_1-2500_1_50_random_7_7.raw,Forget21-PPP_13_3_1-100_1-100_1-2500_1_50_random_7_7.raw,Forget21-PPP_13_3_1-100_1-100_1-2500_1_50_random_7_7,PPP,39,26,3,0.15384615384615385,0.03747534516765286,1,2486,13,26,0,334
instances/raw/PPP/3obj/Forget21-PPP_13_3_1-100_1-100_1-2500_1_50_random_8_8.raw,Forget21-PPP_13_3_1-100_1-100_1-2500_1_50_random_8_8.raw,Forget21-PPP_13_3_1-100_1-100_1-2500_1_50_random_8_8,PPP,39,26,3,0.15384615384615385,0.03747534516765286,1,2415,13,26,0,341
instances/raw/PPP/3obj/Forget21-PPP_13_3_1-100_1-100_1-2500_1_50_random_9_9.raw,Forget21-PPP_13_3_1-100_1-100_1-2500_1_50_random_9_9.raw,Forget21-PPP_13_3_1-100_1-100_1-2500_1_50_random_9_9,PPP,39,26,3,0.15384615384615385,0.03747534516765286,1,2047,13,26,0,357
instances/raw/PPP/3obj/Forget21-PPP_15_3_1-100_1-100_1-2500_1_50_random_10_10.raw,Forget21-PPP_15_3_1-100_1-100_1-2500_1_50_random_10_10.raw,Forget21-PPP_15_3_1-100_1-100_1-2500_1_50_random_10_10,PPP,45,30,3,0.2,0.03259259259259259,1,2483,15,30,0,344
instances/raw/PPP/3obj/Forget21-PPP_15_3_1-100_1-100_1-2500_1_50_random_1_1.raw,Forget21-PPP_15_3_1-100_1-100_1-2500_1_50_random_1_1.raw,Forget21-PPP_15_3_1-100_1-100_1-2500_1_50_random_1_1,PPP,45,30,3,0.17777777777777778,0.03259259259259259,1,2417,15,30,0,327
instances/raw/PPP/3obj/Forget21-PPP_15_3_1-100_1-100_1-2500_1_50_random_2_2.raw,Forget21-PPP_15_3_1-100_1-100_1-2500_1_50_random_2_2.raw,Forget21-PPP_15_3_1-100_1-100_1-2500_1_50_random_2_2,PPP,45,30,3,0.17777777777777778,0.03259259259259259,4,2499,15,30,0,480
instances/raw/PPP/3obj/Forget21-PPP_15_3_1-100_1-100_1-2500_1_50_random_3_3.raw,Forget21-PPP_15_3_1-100_1-100_1-2500_1_50_random_3_3.raw,Forget21-PPP_15_3_1-100_1-100_1-2500_1_50_random_3_3,PPP,45,30,3,0.1111111111111111,0.03259259259259259,1,2454,15,30,0,415
instances/raw/PPP/3obj/Forget21-PPP_15_3_1-100_1-100_1-2500_1_50_random_4_4.raw,Forget21-PPP_15_3_1-100_1-100_1-2500_1_50_random_4_4.raw,Forget21-PPP_15_3_1-100_1-100_1-2500_1_50_random_4_4,PPP,45,30,3,0.1111111111111111,0.03259259259259259,1,2487,15,30,0,349
instances/raw/PPP/3obj/Forget21-PPP_15_3_1-100_1-100_1-2500_1_50_random_5_5.raw,Forget21-PPP_15_3_1-100_1-100_1-2500_1_50_random_5_5.raw,Forget21-PPP_15_3_1-100_1-100_1-2500_1_50_random_5_5,PPP,45,30,3,0.1111111111111111,0.03259259259259259,1,2495,15,30,0,355
instances/raw/PPP/3obj/Forget21-PPP_15_3_1-100_1-100_1-2500_1_50_random_6_6.raw,Forget21-PPP_15_3_1-100_1-100_1-2500_1_50_random_6_6.raw,Forget21-PPP_15_3_1-100_1-100_1-2500_1_50_random_6_6,PPP,45,30,3,0.1111111111111111,0.03259259259259259,1,2491,15,30,0,366
instances/raw/PPP/3obj/Forget21-PPP_15_3_1-100_1-100_1-2500_1_50_random_7_7.raw,Forget21-PPP_15_3_1-100_1-100_1-2500_1_50_random_7_7.raw,Forget21-PPP_15_3_1-100_1-100_1-2500_1_50_random_7_7,PPP,45,30,3,0.08888888888888889,0.03259259259259259,2,2473,15,30,0,344
instances/raw/PPP/3obj/Forget21-PPP_15_3_1-100_1-100_1-2500_1_50_random_8_8.raw,Forget21-PPP_15_3_1-100_1-100_1-2500_1_50_random_8_8.raw,Forget21-PPP_15_3_1-100_1-100_1-2500_1_50_random_8_8,PPP,45,30,3,0.13333333333333333,0.03259259259259259,1,2442,15,30,0,385
instances/raw/PPP/3obj/Forget21-PPP_15_3_1-100_1-100_1-2500_1_50_random_9_9.raw,Forget21-PPP_15_3_1-100_1-100_1-2500_1_50_random_9_9.raw,Forget21-PPP_15_3_1-100_1-100_1-2500_1_50_random_9_9,PPP,45,30,3,0.15555555555555556,0.03259259259259259,5,2474,15,30,0,371
instances/raw/PPP/3obj/Forget21-PPP_8_3_1-100_1-100_1-2500_1_50_random_10_10.raw,Forget21-PPP_8_3_1-100_1-100_1-2500_1_50_random_10_10.raw,Forget21-PPP_8_3_1-100_1-100_1-2500_1_50_random_10_10,PPP,24,16,3,0.2916666666666667,0.059895833333333336,2,2465,8,16,0,232
instances/raw/PPP/3obj/Forget21-PPP_8_3_1-100_1-100_1-2500_1_50_random_1_1.raw,Forget21-PPP_8_3_1-100_1-100_1-2500_1_50_random_1_1.raw,Forget21-PPP_8_3_1-100_1-100_1-2500_1_50_random_1_1,PPP,24,16,3,0.125,0.059895833333333336,1,2191,8,16,0,169
instances/raw/PPP/3obj/Forget21-PPP_8_3_1-100_1-100_1-2500_1_50_random_2_2.raw,Forget21-PPP_8_3_1-100_1-100_1-2500_1_50_random_2_2.raw,Forget21-PPP_8_3_1-100_1-100_1-2500_1_50_random_2_2,PPP,24,16,3,0.16666666666666666,0.059895833333333336,1,2357,8,16,0,217
instances/raw/PPP/3obj/Forget21-PPP_8_3_1-100_1-100_1-2500_1_50_random_3_3.raw,Forget21-PPP_8_3_1-100_1-100_1-2500_1_50_random_3_3.raw,Forget21-PPP_8_3_1-100_1-100_1-2500_1_50_random_3_3,PPP,24,16,3,0.20833333333333334,0.059895833333333336,1,2469,8,16,0,226
instances/raw/PPP/3obj/Forget21-PPP_8_3_1-100_1-100_1-2500_1_50_random_4_4.raw,Forget21-PPP_8_3_1-100_1-100_1-2500_1_50_random_4_4.raw,Forget21-PPP_8_3_1-100_1-100_1-2500_1_50_random_4_4,PPP,24,16,3,0.125,0.059895833333333336,1,1881,8,16,0,181
instances/raw/PPP/3obj/Forget21-PPP_8_3_1-100_1-100_1-2500_1_50_random_5_5.raw,Forget21-PPP_8_3_1-100_1-100_1-2500_1_50_random_5_5.raw,Forget21-PPP_8_3_1-100_1-100_1-2500_1_50_random_5_5,PPP,24,16,3,0.08333333333333333,0.059895833333333336,4,2349,8,16,0,190
instances/raw/PPP/3obj/Forget21-PPP_8_3_1-100_1-100_1-2500_1_50_random_6_6.raw,Forget21-PPP_8_3_1-100_1-100_1-2500_1_50_random_6_6.raw,Forget21-PPP_8_3_1-100_1-100_1-2500_1_50_random_6_6,PPP,24,16,3,0.16666666666666666,0.059895833333333336,1,2480,8,16,0,201
instances/raw/PPP/3obj/Forget21-PPP_8_3_1-100_1-100_1-2500_1_50_random_7_7.raw,Forget21-PPP_8_3_1-100_1-100_1-2500_1_50_random_7_7.raw,Forget21-PPP_8_3_1-100_1-100_1-2500_1_50_random_7_7,PPP,24,16,3,0.16666666666666666,0.059895833333333336,4,2496,8,16,0,192
instances/raw/PPP/3obj/Forget21-PPP_8_3_1-100_1-100_1-2500_1_50_random_8_8.raw,Forget21-PPP_8_3_1-100_1-100_1-2500_1_50_random_8_8.raw,Forget21-PPP_8_3_1-100_1-100_1-2500_1_50_random_8_8,PPP,24,16,3,0.20833333333333334,0.059895833333333336,5,2494,8,16,0,148
instances/raw/PPP/3obj/Forget21-PPP_8_3_1-100_1-100_1-2500_1_50_random_9_9.raw,Forget21-PPP_8_3_1-100_1-100_1-2500_1_50_random_9_9.raw,Forget21-PPP_8_3_1-100_1-100_1-2500_1_50_random_9_9,PPP,24,16,3,0.20833333333333334,0.059895833333333336,2,2328,8,16,0,246
instances/raw/PPP/3obj/Forget21-PPP_9_3_1-100_1-100_1-2500_1_50_random_10_10.raw,Forget21-PPP_9_3_1-100_1-100_1-2500_1_50_random_10_10.raw,Forget21-PPP_9_3_1-100_1-100_1-2500_1_50_random_10_10,PPP,27,18,3,0.1111111111111111,0.053497942386831275,1,2472,9,18,0,236
instances/raw/PPP/3obj/Forget21-PPP_9_3_1-100_1-100_1-2500_1_50_random_1_1.raw,Forget21-PPP_9_3_1-100_1-100_1-2500_1_50_random_1_1.raw,Forget21-PPP_9_3_1-100_1-100_1-2500_1_50_random_1_1,PPP,27,18,3,0.2222222222222222,0.053497942386831275,4,2483,9,18,0,236
instances/raw/PPP/3obj/Forget21-PPP_9_3_1-100_1-100_1-2500_1_50_random_2_2.raw,Forget21-PPP_9_3_1-100_1-100_1-2500_1_50_random_2_2.raw,Forget21-PPP_9_3_1-100_1-100_1-2500_1_50_random_2_2,PPP,27,18,3,0.07407407407407407,0.053497942386831275,8,2492,9,18,0,212
instances/raw/PPP/3obj/Forget21-PPP_9_3_1-100_1-100_1-2500_1_50_random_3_3.raw,Forget21-PPP_9_3_1-100_1-100_1-2500_1_50_random_3_3.raw,Forget21-PPP_9_3_1-100_1-100_1-2500_1_50_random_3_3,PPP,27,18,3,0.1111111111111111,0.053497942386831275,3,2251,9,18,0,238
instances/raw/PPP/3obj/Forget21-PPP_9_3_1-100_1-100_1-2500_1_50_random_4_4.raw,Forget21-PPP_9_3_1-100_1-100_1-2500_1_50_random_4_4.raw,Forget21-PPP_9_3_1-100_1-100_1-2500_1_50_random_4_4,PPP,27,18,3,0.1111111111111111,0.053497942386831275,1,2403,9,18,0,242
instances/raw/PPP/3obj/Forget21-PPP_9_3_1-100_1-100_1-2500_1_50_random_5_5.raw,Forget21-PPP_9_3_1-100_1-100_1-2500_1_50_random_5_5.raw,Forget21-PPP_9_3_1-100_1-100_1-2500_1_50_random_5_5,PPP,27,18,3,0.25925925925925924,0.053497942386831275,1,2379,9,18,0,188
instances/raw/PPP/3obj/Forget21-PPP_9_3_1-100_1-100_1-2500_1_50_random_6_6.raw,Forget21-PPP_9_3_1-100_1-100_1-2500_1_50_random_6_6.raw,Forget21-PPP_9_3_1-100_1-100_1-2500_1_50_random_6_6,PPP,27,18,3,0.25925925925925924,0.053497942386831275,5,2439,9,18,0,280
instances/raw/PPP/3obj/Forget21-PPP_9_3_1-100_1-100_1-2500_1_50_random_7_7.raw,Forget21-PPP_9_3_1-100_1-100_1-2500_1_50_random_7_7.raw,Forget21-PPP_9_3_1-100_1-100_1-2500_1_50_random_7_7,PPP,27,18,3,0.18518518518518517,0.053497942386831275,1,2350,9,18,0,207
instances/raw/PPP/3obj/Forget21-PPP_9_3_1-100_1-100_1-2500_1_50_random_8_8.raw,Forget21-PPP_9_3_1-100_1-100_1-2500_1_50_random_8_8.raw,Forget21-PPP_9_3_1-100_1-100_1-2500_1_50_random_8_8,PPP,27,18,3,0.18518518518518517,0.053497942386831275,2,2415,9,18,0,229
instances/raw/PPP/3obj/Forget21-PPP_9_3_1-100_1-100_1-2500_1_50_random_9_9.raw,Forget21-PPP_9_3_1-100_1-100_1-2500_1_50_random_9_9.raw,Forget21-PPP_9_3_1-100_1-100_1-2500_1_50_random_9_9,PPP,27,18,3,0.25925925925925924,0.053497942386831275,2,2468,9,18,0,246
instances/raw/PPP/4obj/Forget21-PPP_11_4_1-100_1-100_1-2500_1_50_random_10_10.raw,Forget21-PPP_11_4_1-100_1-100_1-2500_1_50_random_10_10.raw,Forget21-PPP_11_4_1-100_1-100_1-2500_1_50_random_10_10,PPP,33,22,4,0.21212121212121213,0.0440771349862259,1,2334,11,22,0,304
instances/raw/PPP/4obj/Forget21-PPP_11_4_1-100_1-100_1-2500_1_50_random_1_1.raw,Forget21-PPP_11_4_1-100_1-100_1-2500_1_50_random_1_1.raw,Forget21-PPP_11_4_1-100_1-100_1-2500_1_50_random_1_1,PPP,33,22,4,0.21212121212121213,0.0440771349862259,1,2483,11,22,0,301
instances/raw/PPP/4obj/Forget21-PPP_11_4_1-100_1-100_1-2500_1_50_random_2_2.raw,Forget21-PPP_11_4_1-100_1-100_1-2500_1_50_random_2_2.raw,Forget21-PPP_11_4_1-100_1-100_1-2500_1_50_random_2_2,PPP,33,22,4,0.24242424242424243,0.0440771349862259,1,2446,11,22,0,197
instances/raw/PPP/4obj/Forget21-PPP_11_4_1-100_1-100_1-2500_1_50_random_3_3.raw,Forget21-PPP_11_4_1-100_1-100_1-2500_1_50_random_3_3.raw,Forget21-PPP_11_4_1-100_1-100_1-2500_1_50_random_3_3,PPP,33,22,4,0.2727272727272727,0.0440771349862259,2,2464,11,22,0,346
instances/raw/PPP/4obj/Forget21-PPP_11_4_1-100_1-100_1-2500_1_50_random_4_4.raw,Forget21-PPP_11_4_1-100_1-100_1-2500_1_50_random_4_4.raw,Forget21-PPP_11_4_1-100_1-100_1-2500_1_50_random_4_4,PPP,33,22,4,0.21212121212121213,0.0440771349862259,1,2489,11,22,0,336
instances/raw/PPP/4obj/Forget21-PPP_11_4_1-100_1-100_1-2500_1_50_random_5_5.raw,Forget21-PPP_11_4_1-100_1-100_1-2500_1_50_random_5_5.raw,Forget21-PPP_11_4_1-100_1-100_1-2500_1_50_random_5_5,PPP,33,22,4,0.24242424242424243,0.0440771349862259,4,2364,11,22,0,229
instances/raw/PPP/4obj/Forget21-PPP_11_4_1-100_1-100_1-2500_1_50_random_6_6.raw,Forget21-PPP_11_4_1-100_1-100_1-2500_1_50_random_6_6.raw,Forget21-PPP_11_4_1-100_1-100_1-2500_1_50_random_6_6,PPP,33,22,4,0.24242424242424243,0.0440771349862259,2,2488,11,22,0,254
instances/raw/PPP/4obj/Forget21-PPP_11_4_1-100_1-100_1-2500_1_50_random_7_7.raw,Forget21-PPP_11_4_1-100_1-100_1-2500_1_50_random_7_7.raw,Forget21-PPP_11_4_1-100_1-100_1-2500_1_50_random_7_7,PPP,33,22,4,0.18181818181818182,0.0440771349862259,1,2353,11,22,0,290
instances/raw/PPP/4obj/Forget21-PPP_11_4_1-100_1-100_1-2500_1_50_random_8_8.raw,Forget21-PPP_11_4_1-100_1-100_1-2500_1_50_random_8_8.raw,Forget21-PPP_11_4_1-100_1-100_1-2500_1_50_random_8_8,PPP,33,22,4,0.24242424242424243,0.0440771349862259,1,2420,11,22,0,298
instances/raw/PPP/4obj/Forget21-PPP_11_4_1-100_1-100_1-2500_1_50_random_9_9.raw,Forget21-PPP_11_4_1-100_1-100_1-2500_1_50_random_9_9.raw,Forget21-PPP_11_4_1-100_1-100_1-2500_1_50_random_9_9,PPP,33,22,4,0.15151515151515152,0.0440771349862259,1,2497,11,22,0,320
instances/raw/PPP/4obj/Forget21-PPP_7_4_1-100_1-100_1-2500_1_50_random_10_10.raw,Forget21-PPP_7_4_1-100_1-100_1-2500_1_50_random_10_10.raw,Forget21-PPP_7_4_1-100_1-100_1-2500_1_50_random_10_10,PPP,21,14,4,0.23809523809523808,0.06802721088435375,1,2487,7,14,0,153
instances/raw/PPP/4obj/Forget21-PPP_7_4_1-100_1-100_1-2500_1_50_random_1_1.raw,Forget21-PPP_7_4_1-100_1-100_1-2500_1_50_random_1_1.raw,Forget21-PPP_7_4_1-100_1-100_1-2500_1_50_random_1_1,PPP,21,14,4,0.14285714285714285,0.06802721088435375,8,2342,7,14,0,198
instances/raw/PPP/4obj/Forget21-PPP_7_4_1-100_1-100_1-2500_1_50_random_2_2.raw,Forget21-PPP_7_4_1-100_1-100_1-2500_1_50_random_2_2.raw,Forget21-PPP_7_4_1-100_1-100_1-2500_1_50_random_2_2,PPP,21,14,4,0.2857142857142857,0.06802721088435375,3,2375,7,14,0,169
instances/raw/PPP/4obj/Forget21-PPP_7_4_1-100_1-100_1-2500_1_50_random_3_3.raw,Forget21-PPP_7_4_1-100_1-100_1-2500_1_50_random_3_3.raw,Forget21-PPP_7_4_1-100_1-100_1-2500_1_50_random_3_3,PPP,21,14,4,0.23809523809523808,0.06802721088435375,2,2500,7,14,0,160
instances/raw/PPP/4obj/Forget21-PPP_7_4_1-100_1-100_1-2500_1_50_random_4_4.raw,Forget21-PPP_7_4_1-100_1-100_1-2500_1_50_random_4_4.raw,Forget21-PPP_7_4_1-100_1-100_1-2500_1_50_random_4_4,PPP,21,14,4,0.23809523809523808,0.06802721088435375,5,2367,7,14,0,85
instances/raw/PPP/4obj/Forget21-PPP_7_4_1-100_1-100_1-2500_1_50_random_5_5.raw,Forget21-PPP_7_4_1-100_1-100_1-2500_1_50_random_5_5.raw,Forget21-PPP_7_4_1-100_1-100_1-2500_1_50_random_5_5,PPP,21,14,4,0.19047619047619047,0.06802721088435375,2,2487,7,14,0,201
instances/raw/PPP/4obj/Forget21-PPP_7_4_1-100_1-100_1-2500_1_50_random_6_6.raw,Forget21-PPP_7_4_1-100_1-100_1-2500_1_50_random_6_6.raw,Forget21-PPP_7_4_1-100_1-100_1-2500_1_50_random_6_6,PPP,21,14,4,0.14285714285714285,0.06802721088435375,1,2399,7,14,0,163
instances/raw/PPP/4obj/Forget21-PPP_7_4_1-100_1-100_1-2500_1_50_random_7_7.raw,Forget21-PPP_7_4_1-100_1-100_1-2500_1_50_random_7_7.raw,Forget21-PPP_7_4_1-100_1-100_1-2500_1_50_random_7_7,PPP,21,14,4,0.2857142857142857,0.06802721088435375,1,2460,7,14,0,171
instances/raw/PPP/4obj/Forget21-PPP_7_4_1-100_1-100_1-2500_1_50_random_8_8.raw,Forget21-PPP_7_4_1-100_1-100_1-2500_1_50_random_8_8.raw,Forget21-PPP_7_4_1-100_1-100_1-2500_1_50_random_8_8,PPP,21,14,4,0.19047619047619047,0.06802721088435375,5,2496,7,14,0,171
instances/raw/PPP/4obj/Forget21-PPP_7_4_1-100_1-100_1-2500_1_50_random_9_9.raw,Forget21-PPP_7_4_1-100_1-100_1-2500_1_50_random_9_9.raw,Forget21-PPP_7_4_1-100_1-100_1-2500_1_50_random_9_9,PPP,21,14,4,0.3333333333333333,0.06802721088435375,1,2414,7,14,0,125
instances/raw/PPP/4obj/Forget21-PPP_8_4_1-100_1-100_1-2500_1_50_random_10_10.raw,Forget21-PPP_8_4_1-100_1-100_1-2500_1_50_random_10_10.raw,Forget21-PPP_8_4_1-100_1-100_1-2500_1_50_random_10_10,PPP,24,16,4,0.16666666666666666,0.059895833333333336,2,2328,8,16,0,214
instances/raw/PPP/4obj/Forget21-PPP_8_4_1-100_1-100_1-2500_1_50_random_1_1.raw,Forget21-PPP_8_4_1-100_1-100_1-2500_1_50_random_1_1.raw,Forget21-PPP_8_4_1-100_1-100_1-2500_1_50_random_1_1,PPP,24,16,4,0.20833333333333334,0.059895833333333336,1,2499,8,16,0,239
instances/raw/PPP/4obj/Forget21-PPP_8_4_1-100_1-100_1-2500_1_50_random_2_2.raw,Forget21-PPP_8_4_1-100_1-100_1-2500_1_50_random_2_2.raw,Forget21-PPP_8_4_1-100_1-100_1-2500_1_50_random_2_2,PPP,24,16,4,0.25,0.059895833333333336,1,2485,8,16,0,201
instances/raw/PPP/4obj/Forget21-PPP_8_4_1-100_1-100_1-2500_1_50_random_3_3.raw,Forget21-PPP_8_4_1-100_1-100_1-2500_1_50_random_3_3.raw,Forget21-PPP_8_4_1-100_1-100_1-2500_1_50_random_3_3,PPP,24,16,4,0.3333333333333333,0.059895833333333336,3,2493,8,16,0,256
instances/raw/PPP/4obj/Forget21-PPP_8_4_1-100_1-100_1-2500_1_50_random_4_4.raw,Forget21-PPP_8_4_1-100_1-100_1-2500_1_50_random_4_4.raw,Forget21-PPP_8_4_1-100_1-100_1-2500_1_50_random_4_4,PPP,24,16,4,0.2916666666666667,0.059895833333333336,1,2490,8,16,0,242
instances/raw/PPP/4obj/Forget21-PPP_8_4_1-100_1-100_1-2500_1_50_random_5_5.raw,Forget21-PPP_8_4_1-100_1-100_1-2500_1_50_random_5_5.raw,Forget21-PPP_8_4_1-100_1-100_1-2500_1_50_random_5_5,PPP,24,16,4,0.25,0.059895833333333336,3,2477,8,16,0,210
instances/raw/PPP/4obj/Forget21-PPP_8_4_1-100_1-100_1-2500_1_50_random_6_6.raw,Forget21-PPP_8_4_1-100_1-100_1-2500_1_50_random_6_6.raw,Forget21-PPP_8_4_1-100_1-100_1-2500_1_50_random_6_6,PPP,24,16,4,0.25,0.059895833333333336,2,2480,8,16,0,282
instances/raw/PPP/4obj/Forget21-PPP_8_4_1-100_1-100_1-2500_1_50_random_7_7.raw,Forget21-PPP_8_4_1-100_1-100_1-2500_1_50_random_7_7.raw,Forget21-PPP_8_4_1-100_1-100_1-2500_1_50_random_7_7,PPP,24,16,4,0.20833333333333334,0.059895833333333336,7,2470,8,16,0,173
instances/raw/PPP/4obj/Forget21-PPP_8_4_1-100_1-100_1-2500_1_50_random_8_8.raw,Forget21-PPP_8_4_1-100_1-100_1-2500_1_50_random_8_8.raw,Forget21-PPP_8_4_1-100_1-100_1-2500_1_50_random_8_8,PPP,24,16,4,0.25,0.059895833333333336,2,2391,8,16,0,97
instances/raw/PPP/4obj/Forget21-PPP_8_4_1-100_1-100_1-2500_1_50_random_9_9.raw,Forget21-PPP_8_4_1-100_1-100_1-2500_1_50_random_9_9.raw,Forget21-PPP_8_4_1-100_1-100_1-2500_1_50_random_9_9,PPP,24,16,4,0.20833333333333334,0.059895833333333336,1,2423,8,16,0,176
instances/raw/PPP/4obj/Forget21-PPP_9_4_1-100_1-100_1-2500_1_50_random_10_10.raw,Forget21-PPP_9_4_1-100_1-100_1-2500_1_50_random_10_10.raw,Forget21-PPP_9_4_1-100_1-100_1-2500_1_50_random_10_10,PPP,27,18,4,0.2222222222222222,0.053497942386831275,1,2476,9,18,0,264
instances/raw/PPP/4obj/Forget21-PPP_9_4_1-100_1-100_1-2500_1_50_random_1_1.raw,Forget21-PPP_9_4_1-100_1-100_1-2500_1_50_random_1_1.raw,Forget21-PPP_9_4_1-100_1-100_1-2500_1_50_random_1_1,PPP,27,18,4,0.2222222222222222,0.053497942386831275,2,2244,9,18,0,242
instances/raw/PPP/4obj/Forget21-PPP_9_4_1-100_1-100_1-2500_1_50_random_2_2.raw,Forget21-PPP_9_4_1-100_1-100_1-2500_1_50_random_2_2.raw,Forget21-PPP_9_4_1-100_1-100_1-2500_1_50_random_2_2,PPP,27,18,4,0.2962962962962963,0.053497942386831275,1,2500,9,18,0,240
instances/raw/PPP/4obj/Forget21-PPP_9_4_1-100_1-100_1-2500_1_50_random_3_3.raw,Forget21-PPP_9_4_1-100_1-100_1-2500_1_50_random_3_3.raw,Forget21-PPP_9_4_1-100_1-100_1-2500_1_50_random_3_3,PPP,27,18,4,0.037037037037037035,0.053497942386831275,1,2438,9,18,0,158
instances/raw/PPP/4obj/Forget21-PPP_9_4_1-100_1-100_1-2500_1_50_random_4_4.raw,Forget21-PPP_9_4_1-100_1-100_1-2500_1_50_random_4_4.raw,Forget21-PPP_9_4_1-100_1-100_1-2500_1_50_random_4_4,PPP,27,18,4,0.2962962962962963,0.053497942386831275,4,2487,9,18,0,262
instances/raw/PPP/4obj/Forget21-PPP_9_4_1-100_1-100_1-2500_1_50_random_5_5.raw,Forget21-PPP_9_4_1-100_1-100_1-2500_1_50_random_5_5.raw,Forget21-PPP_9_4_1-100_1-100_1-2500_1_50_random_5_5,PPP,27,18,4,0.2222222222222222,0.053497942386831275,1,2381,9,18,0,227
instances/raw/PPP/4obj/Forget21-PPP_9_4_1-100_1-100_1-2500_1_50_random_6_6.raw,Forget21-PPP_9_4_1-100_1-100_1-2500_1_50_random_6_6.raw,Forget21-PPP_9_4_1-100_1-100_1-2500_1_50_random_6_6,PPP,27,18,4,0.25925925925925924,0.053497942386831275,1,2343,9,18,0,216
instances/raw/PPP/4obj/Forget21-PPP_9_4_1-100_1-100_1-2500_1_50_random_7_7.raw,Forget21-PPP_9_4_1-100_1-100_1-2500_1_50_random_7_7.raw,Forget21-PPP_9_4_1-100_1-100_1-2500_1_50_random_7_7,PPP,27,18,4,0.2222222222222222,0.053497942386831275,5,2418,9,18,0,206
instances/raw/PPP/4obj/Forget21-PPP_9_4_1-100_1-100_1-2500_1_50_random_8_8.raw,Forget21-PPP_9_4_1-100_1-100_1-2500_1_50_random_8_8.raw,Forget21-PPP_9_4_1-100_1-100_1-2500_1_50_random_8_8,PPP,27,18,4,0.14814814814814814,0.053497942386831275,1,2447,9,18,0,231
instances/raw/PPP/4obj/Forget21-PPP_9_4_1-100_1-100_1-2500_1_50_random_9_9.raw,Forget21-PPP_9_4_1-100_1-100_1-2500_1_50_random_9_9.raw,Forget21-PPP_9_4_1-100_1-100_1-2500_1_50_random_9_9,PPP,27,18,4,0.2222222222222222,0.053497942386831275,2,2418,9,18,0,224
instances/raw/PPP/5obj/Forget21-PPP_10_5_1-100_1-100_1-2500_1_50_random_10_10.raw,Forget21-PPP_10_5_1-100_1-100_1-2500_1_50_random_10_10.raw,Forget21-PPP_10_5_1-100_1-100_1-2500_1_50_random_10_10,PPP,30,20,5,0.3,0.04833333333333333,1,2386,10,20,0,171
instances/raw/PPP/5obj/Forget21-PPP_10_5_1-100_1-100_1-2500_1_50_random_1_1.raw,Forget21-PPP_10_5_1-100_1-100_1-2500_1_50_random_1_1.raw,Forget21-PPP_10_5_1-100_1-100_1-2500_1_50_random_1_1,PPP,30,20,5,0.26666666666666666,0.04833333333333333,2,2500,10,20,0,250
instances/raw/PPP/5obj/Forget21-PPP_10_5_1-100_1-100_1-2500_1_50_random_2_2.raw,Forget21-PPP_10_5_1-100_1-100_1-2500_1_50_random_2_2.raw,Forget21-PPP_10_5_1-100_1-100_1-2500_1_50_random_2_2,PPP,30,20,5,0.26666666666666666,0.04833333333333333,1,2447,10,20,0,321
instances/raw/PPP/5obj/Forget21-PPP_10_5_1-100_1-100_1-2500_1_50_random_3_3.raw,Forget21-PPP_10_5_1-100_1-100_1-2500_1_50_random_3_3.raw,Forget21-PPP_10_5_1-100_1-100_1-2500_1_50_random_3_3,PPP,30,20,5,0.3,0.04833333333333333,1,2411,10,20,0,155
instances/raw/PPP/5obj/Forget21-PPP_10_5_1-100_1-100_1-2500_1_50_random_4_4.raw,Forget21-PPP_10_5_1-100_1-100_1-2500_1_50_random_4_4.raw,Forget21-PPP_10_5_1-100_1-100_1-2500_1_50_random_4_4,PPP,30,20,5,0.3,0.04833333333333333,1,2451,10,20,0,284
instances/raw/PPP/5obj/Forget21-PPP_10_5_1-100_1-100_1-2500_1_50_random_5_5.raw,Forget21-PPP_10_5_1-100_1-100_1-2500_1_50_random_5_5.raw,Forget21-PPP_10_5_1-100_1-100_1-2500_1_50_random_5_5,PPP,30,20,5,0.23333333333333334,0.04833333333333333,1,2495,10,20,0,285
instances/raw/PPP/5obj/Forget21-PPP_10_5_1-100_1-100_1-2500_1_50_random_6_6.raw,Forget21-PPP_10_5_1-100_1-100_1-2500_1_50_random_6_6.raw,Forget21-PPP_10_5_1-100_1-100_1-2500_1_50_random_6_6,PPP,30,20,5,0.3,0.04833333333333333,1,2445,10,20,0,364
instances/raw/PPP/5obj/Forget21-PPP_10_5_1-100_1-100_1-2500_1_50_random_7_7.raw,Forget21-PPP_10_5_1-100_1-100_1-2500_1_50_random_7_7.raw,Forget21-PPP_10_5_1-100_1-100_1-2500_1_50_random_7_7,PPP,30,20,5,0.26666666666666666,0.04833333333333333,2,2494,10,20,0,236
instances/raw/PPP/5obj/Forget21-PPP_10_5_1-100_1-100_1-2500_1_50_random_8_8.raw,Forget21-PPP_10_5_1-100_1-100_1-2500_1_50_random_8_8.raw,Forget21-PPP_10_5_1-100_1-100_1-2500_1_50_random_8_8,PPP,30,20,5,0.26666666666666666,0.04833333333333333,4,2394,10,20,0,263
instances/raw/PPP/5obj/Forget21-PPP_10_5_1-100_1-100_1-2500_1_50_random_9_9.raw,Forget21-PPP_10_5_1-100_1-100_1-2500_1_50_random_9_9.raw,Forget21-PPP_10_5_1-100_1-100_1-2500_1_50_random_9_9,PPP,30,20,5,0.16666666666666666,0.04833333333333333,1,2424,10,20,0,218
instances/raw/PPP/5obj/Forget21-PPP_5_5_1-100_1-100_1-2500_1_50_random_10_10.raw,Forget21-PPP_5_5_1-100_1-100_1-2500_1_50_random_10_10.raw,Forget21-PPP_5_5_1-100_1-100_1-2500_1_50_random_10_10,PPP,15,10,5,0.3333333333333333,0.09333333333333334,1,2433,5,10,0,127
instances/raw/PPP/5obj/Forget21-PPP_5_5_1-100_1-100_1-2500_1_50_random_1_1.raw,Forget21-PPP_5_5_1-100_1-100_1-2500_1_50_random_1_1.raw,Forget21-PPP_5_5_1-100_1-100_1-2500_1_50_random_1_1,PPP,15,10,5,0.3333333333333333,0.09333333333333334,2,2255,5,10,0,141
instances/raw/PPP/5obj/Forget21-PPP_5_5_1-100_1-100_1-2500_1_50_random_2_2.raw,Forget21-PPP_5_5_1-100_1-100_1-2500_1_50_random_2_2.raw,Forget21-PPP_5_5_1-100_1-100_1-2500_1_50_random_2_2,PPP,15,10,5,0.2,0.09333333333333334,1,2485,5,10,0,144
instances/raw/PPP/5obj/Forget21-PPP_5_5_1-100_1-100_1-2500_1_50_random_3_3.raw,Forget21-PPP_5_5_1-100_1-100_1-2500_1_50_random_3_3.raw,Forget21-PPP_5_5_1-100_1-100_1-2500_1_50_random_3_3,PPP,15,10,5,0.26666666666666666,0.09333333333333334,1,2495,5,10,0,95
instances/raw/PPP/5obj/Forget21-PPP_5_5_1-100_1-100_1-2500_1_50_random_4_4.raw,Forget21-PPP_5_5_1-100_1-100_1-2500_1_50_random_4_4.raw,Forget21-PPP_5_5_1-100_1-100_1-2500_1_50_random_4_4,PPP,15,10,5,0.2,0.09333333333333334,2,2331,5,10,0,123
instances/raw/PPP/5obj/Forget21-PPP_5_5_1-100_1-100_1-2500_1_50_random_5_5.raw,Forget21-PPP_5_5_1-100_1-100_1-2500_1_50_random_5_5.raw,Forget21-PPP_5_5_1-100_1-100_1-2500_1_50_random_5_5,PPP,15,10,5,0.2,0.09333333333333334,8,2462,5,10,0,78
instances/raw/PPP/5obj/Forget21-PPP_5_5_1-100_1-100_1-2500_1_50_random_6_6.raw,Forget21-PPP_5_5_1-100_1-100_1-2500_1_50_random_6_6.raw,Forget21-PPP_5_5_1-100_1-100_1-2500_1_50_random_6_6,PPP,15,10,5,0.26666666666666666,0.09333333333333334,2,2425,5,10,0,133
instances/raw/PPP/5obj/Forget21-PPP_5_5_1-100_1-100_1-2500_1_50_random_7_7.raw,Forget21-PPP_5_5_1-100_1-100_1-2500_1_50_random_7_7.raw,Forget21-PPP_5_5_1-100_1-100_1-2500_1_50_random_7_7,PPP,15,10,5,0.26666666666666666,0.09333333333333334,1,2480,5,10,0,93
instances/raw/PPP/5obj/Forget21-PPP_5_5_1-100_1-100_1-2500_1_50_random_8_8.raw,Forget21-PPP_5_5_1-100_1-100_1-2500_1_50_random_8_8.raw,Forget21-PPP_5_5_1-100_1-100_1-2500_1_50_random_8_8,PPP,15,10,5,0.3333333333333333,0.09333333333333334,2,2419,5,10,0,121
instances/raw/PPP/5obj/Forget21-PPP_5_5_1-100_1-100_1-2500_1_50_random_9_9.raw,Forget21-PPP_5_5_1-100_1-100_1-2500_1_50_random_9_9.raw,Forget21-PPP_5_5_1-100_1-100_1-2500_1_50_random_9_9,PPP,15,10,5,0.2,0.09333333333333334,4,2443,5,10,0,170
instances/raw/PPP/5obj/Forget21-PPP_6_5_1-100_1-100_1-2500_1_50_random_10_10.raw,Forget21-PPP_6_5_1-100_1-100_1-2500_1_50_random_10_10.raw,Forget21-PPP_6_5_1-100_1-100_1-2500_1_50_random_10_10,PPP,18,12,5,0.2777777777777778,0.0787037037037037,3,2435,6,12,0,110
instances/raw/PPP/5obj/Forget21-PPP_6_5_1-100_1-100_1-2500_1_50_random_1_1.raw,Forget21-PPP_6_5_1-100_1-100_1-2500_1_50_random_1_1.raw,Forget21-PPP_6_5_1-100_1-100_1-2500_1_50_random_1_1,PPP,18,12,5,0.2777777777777778,0.0787037037037037,3,2462,6,12,0,138
instances/raw/PPP/5obj/Forget21-PPP_6_5_1-100_1-100_1-2500_1_50_random_2_2.raw,Forget21-PPP_6_5_1-100_1-100_1-2500_1_50_random_2_2.raw,Forget21-PPP_6_5_1-100_1-100_1-2500_1_50_random_2_2,PPP,18,12,5,0.3333333333333333,0.0787037037037037,1,2464,6,12,0,187
instances/raw/PPP/5obj/Forget21-PPP_6_5_1-100_1-100_1-2500_1_50_random_3_3.raw,Forget21-PPP_6_5_1-100_1-100_1-2500_1_50_random_3_3.raw,Forget21-PPP_6_5_1-100_1-100_1-2500_1_50_random_3_3,PPP,18,12,5,0.2777777777777778,0.0787037037037037,2,2465,6,12,0,169
instances/raw/PPP/5obj/Forget21-PPP_6_5_1-100_1-100_1-2500_1_50_random_4_4.raw,Forget21-PPP_6_5_1-100_1-100_1-2500_1_50_random_4_4.raw,Forget21-PPP_6_5_1-100_1-100_1-2500_1_50_random_4_4,PPP,18,12,5,0.3333333333333333,0.0787037037037037,1,2421,6,12,0,140
instances/raw/PPP/5obj/Forget21-PPP_6_5_1-100_1-100_1-2500_1_50_random_5_5.raw,Forget21-PPP_6_5_1-100_1-100_1-2500_1_50_random_5_5.raw,Forget21-PPP_6_5_1-100_1-100_1-2500_1_50_random_5_5,PPP,18,12,5,0.3333333333333333,0.0787037037037037,1,2457,6,12,0,234
instances/raw/PPP/5obj/Forget21-PPP_6_5_1-100_1-100_1-2500_1_50_random_6_6.raw,Forget21-PPP_6_5_1-100_1-100_1-2500_1_50_random_6_6.raw,Forget21-PPP_6_5_1-100_1-100_1-2500_1_50_random_6_6,PPP,18,12,5,0.16666666666666666,0.0787037037037037,1,2429,6,12,0,183
instances/raw/PPP/5obj/Forget21-PPP_6_5_1-100_1-100_1-2500_1_50_random_7_7.raw,Forget21-PPP_6_5_1-100_1-100_1-2500_1_50_random_7_7.raw,Forget21-PPP_6_5_1-100_1-100_1-2500_1_50_random_7_7,PPP,18,12,5,0.3333333333333333,0.0787037037037037,2,2432,6,12,0,163
instances/raw/PPP/5obj/Forget21-PPP_6_5_1-100_1-100_1-2500_1_50_random_8_8.raw,Forget21-PPP_6_5_1-100_1-100_1-2500_1_50_random_8_8.raw,Forget21-PPP_6_5_1-100_1-100_1-2500_1_50_random_8_8,PPP,18,12,5,0.2222222222222222,0.0787037037037037,1,2349,6,12,0,155
instances/raw/PPP/5obj/Forget21-PPP_6_5_1-100_1-100_1-2500_1_50_random_9_9.raw,Forget21-PPP_6_5_1-100_1-100_1-2500_1_50_random_9_9.raw,Forget21-PPP_6_5_1-100_1-100_1-2500_1_50_random_9_9,PPP,18,12,5,0.2777777777777778,0.0787037037037037,1,2207,6,12,0,175
instances/raw/PPP/5obj/Forget21-PPP_8_5_1-100_1-100_1-2500_1_50_random_10_10.raw,Forget21-PPP_8_5_1-100_1-100_1-2500_1_50_random_10_10.raw,Forget21-PPP_8_5_1-100_1-100_1-2500_1_50_random_10_10,PPP,24,16,5,0.125,0.059895833333333336,1,2467,8,16,0,174
instances/raw/PPP/5obj/Forget21-PPP_8_5_1-100_1-100_1-2500_1_50_random_1_1.raw,Forget21-PPP_8_5_1-100_1-100_1-2500_1_50_random_1_1.raw,Forget21-PPP_8_5_1-100_1-100_1-2500_1_50_random_1_1,PPP,24,16,5,0.20833333333333334,0.059895833333333336,1,2496,8,16,0,194
instances/raw/PPP/5obj/Forget21-PPP_8_5_1-100_1-100_1-2500_1_50_random_2_2.raw,Forget21-PPP_8_5_1-100_1-100_1-2500_1_50_random_2_2.raw,Forget21-PPP_8_5_1-100_1-100_1-2500_1_50_random_2_2,PPP,24,16,5,0.3333333333333333,0.059895833333333336,1,2479,8,16,0,224
instances/raw/PPP/5obj/Forget21-PPP_8_5_1-100_1-100_1-2500_1_50_random_3_3.raw,Forget21-PPP_8_5_1-100_1-100_1-2500_1_50_random_3_3.raw,Forget21-PPP_8_5_1-100_1-100_1-2500_1_50_random_3_3,PPP,24,16,5,0.3333333333333333,0.059895833333333336,1,2439,8,16,0,213
instances/raw/PPP/5obj/Forget21-PPP_8_5_1-100_1-100_1-2500_1_50_random_4_4.raw,Forget21-PPP_8_5_1-100_1-100_1-2500_1_50_random_4_4.raw,Forget21-PPP_8_5_1-100_1-100_1-2500_1_50_random_4_4,PPP,24,16,5,0.2916666666666667,0.059895833333333336,2,2437,8,16,0,127
instances/raw/PPP/5obj/Forget21-PPP_8_5_1-100_1-100_1-2500_1_50_random_5_5.raw,Forget21-PPP_8_5_1-100_1-100_1-2500_1_50_random_5_5.raw,Forget21-PPP_8_5_1-100_1-100_1-2500_1_50_random_5_5,PPP,24,16,5,0.3333333333333333,0.059895833333333336,1,2490,8,16,0,204
instances/raw/PPP/5obj/Forget21-PPP_8_5_1-100_1-100_1-2500_1_50_random_6_6.raw,Forget21-PPP_8_5_1-100_1-100_1-2500_1_50_random_6_6.raw,Forget21-PPP_8_5_1-100_1-100_1-2500_1_50_random_6_6,PPP,24,16,5,0.3333333333333333,0.059895833333333336,2,2464,8,16,0,164
instances/raw/PPP/5obj/Forget21-PPP_8_5_1-100_1-100_1-2500_1_50_random_7_7.raw,Forget21-PPP_8_5_1-100_1-100_1-2500_1_50_random_7_7.raw,Forget21-PPP_8_5_1-100_1-100_1-2500_1_50_random_7_7,PPP,24,16,5,0.25,0.059895833333333336,1,2359,8,16,0,180
instances/raw/PPP/5obj/Forget21-PPP_8_5_1-100_1-100_1-2500_1_50_random_8_8.raw,Forget21-PPP_8_5_1-100_1-100_1-2500_1_50_random_8_8.raw,Forget21-PPP_8_5_1-100_1-100_1-2500_1_50_random_8_8,PPP,24,16,5,0.3333333333333333,0.059895833333333336,1,2399,8,16,0,248
instances/raw/PPP/5obj/Forget21-PPP_8_5_1-100_1-100_1-2500_1_50_random_9_9.raw,Forget21-PPP_8_5_1-100_1-100_1-2500_1_50_random_9_9.raw,Forget21-PPP_8_5_1-100_1-100_1-2500_1_50_random_9_9,PPP,24,16,5,0.2916666666666667,0.059895833333333336,3,2470,8,16,0,196
instances/raw/UFLP/3obj/Forget21-UFLP_6_3_1-1000_1-100_spheredown_1_1.raw,Forget21-UFLP_6_3_1-1000_1-100_spheredown_1_1.raw,Forget21-UFLP_6_3_1-1000_1-100_spheredown_1_1,UFLP,42,42,3,0.8571428571428571,0.04081632653061224,6,1000,42,0,NA,NA
instances/raw/UFLP/3obj/Forget21-UFLP_6_3_1-1000_1-100_spheredown_1_10.raw,Forget21-UFLP_6_3_1-1000_1-100_spheredown_1_10.raw,Forget21-UFLP_6_3_1-1000_1-100_spheredown_1_10,UFLP,42,42,3,0.8571428571428571,0.04081632653061224,5,1000,42,0,NA,NA
instances/raw/UFLP/3obj/Forget21-UFLP_6_3_1-1000_1-100_spheredown_1_2.raw,Forget21-UFLP_6_3_1-1000_1-100_spheredown_1_2.raw,Forget21-UFLP_6_3_1-1000_1-100_spheredown_1_2,UFLP,42,42,3,0.8571428571428571,0.04081632653061224,7,1000,42,0,NA,NA
instances/raw/UFLP/3obj/Forget21-UFLP_6_3_1-1000_1-100_spheredown_1_3.raw,Forget21-UFLP_6_3_1-1000_1-100_spheredown_1_3.raw,Forget21-UFLP_6_3_1-1000_1-100_spheredown_1_3,UFLP,42,42,3,0.8571428571428571,0.04081632653061224,1,972,42,0,NA,NA
instances/raw/UFLP/3obj/Forget21-UFLP_6_3_1-1000_1-100_spheredown_1_4.raw,Forget21-UFLP_6_3_1-1000_1-100_spheredown_1_4.raw,Forget21-UFLP_6_3_1-1000_1-100_spheredown_1_4,UFLP,42,42,3,0.8571428571428571,0.04081632653061224,2,1000,42,0,NA,NA
instances/raw/UFLP/3obj/Forget21-UFLP_6_3_1-1000_1-100_spheredown_1_5.raw,Forget21-UFLP_6_3_1-1000_1-100_spheredown_1_5.raw,Forget21-UFLP_6_3_1-1000_1-100_spheredown_1_5,UFLP,42,42,3,0.8571428571428571,0.04081632653061224,2,989,42,0,NA,NA
instances/raw/UFLP/3obj/Forget21-UFLP_6_3_1-1000_1-100_spheredown_1_6.raw,Forget21-UFLP_6_3_1-1000_1-100_spheredown_1_6.raw,Forget21-UFLP_6_3_1-1000_1-100_spheredown_1_6,UFLP,42,42,3,0.8571428571428571,0.04081632653061224,5,999,42,0,NA,NA
instances/raw/UFLP/3obj/Forget21-UFLP_6_3_1-1000_1-100_spheredown_1_7.raw,Forget21-UFLP_6_3_1-1000_1-100_spheredown_1_7.raw,Forget21-UFLP_6_3_1-1000_1-100_spheredown_1_7,UFLP,42,42,3,0.8571428571428571,0.04081632653061224,1,992,42,0,NA,NA
instances/raw/UFLP/3obj/Forget21-UFLP_6_3_1-1000_1-100_spheredown_1_8.raw,Forget21-UFLP_6_3_1-1000_1-100_spheredown_1_8.raw,Forget21-UFLP_6_3_1-1000_1-100_spheredown_1_8,UFLP,42,42,3,0.8571428571428571,0.04081632653061224,7,995,42,0,NA,NA
instances/raw/UFLP/3obj/Forget21-UFLP_6_3_1-1000_1-100_spheredown_1_9.raw,Forget21-UFLP_6_3_1-1000_1-100_spheredown_1_9.raw,Forget21-UFLP_6_3_1-1000_1-100_spheredown_1_9,UFLP,42,42,3,0.8571428571428571,0.04081632653061224,9,999,42,0,NA,NA
instances/raw/UFLP/3obj/Forget21-UFLP_7_3_1-1000_1-100_spheredown_1_1.raw,Forget21-UFLP_7_3_1-1000_1-100_spheredown_1_1.raw,Forget21-UFLP_7_3_1-1000_1-100_spheredown_1_1,UFLP,56,56,3,0.875,0.03125,2,992,56,0,NA,NA
instances/raw/UFLP/3obj/Forget21-UFLP_7_3_1-1000_1-100_spheredown_1_10.raw,Forget21-UFLP_7_3_1-1000_1-100_spheredown_1_10.raw,Forget21-UFLP_7_3_1-1000_1-100_spheredown_1_10,UFLP,56,56,3,0.875,0.03125,4,999,56,0,NA,NA
instances/raw/UFLP/3obj/Forget21-UFLP_7_3_1-1000_1-100_spheredown_1_2.raw,Forget21-UFLP_7_3_1-1000_1-100_spheredown_1_2.raw,Forget21-UFLP_7_3_1-1000_1-100_spheredown_1_2,UFLP,56,56,3,0.875,0.03125,9,995,56,0,NA,NA
instances/raw/UFLP/3obj/Forget21-UFLP_7_3_1-1000_1-100_spheredown_1_3.raw,Forget21-UFLP_7_3_1-1000_1-100_spheredown_1_3.raw,Forget21-UFLP_7_3_1-1000_1-100_spheredown_1_3,UFLP,56,56,3,0.875,0.03125,5,993,56,0,NA,NA
instances/raw/UFLP/3obj/Forget21-UFLP_7_3_1-1000_1-100_spheredown_1_4.raw,Forget21-UFLP_7_3_1-1000_1-100_spheredown_1_4.raw,Forget21-UFLP_7_3_1-1000_1-100_spheredown_1_4,UFLP,56,56,3,0.875,0.03125,2,991,56,0,NA,NA
instances/raw/UFLP/3obj/Forget21-UFLP_7_3_1-1000_1-100_spheredown_1_5.raw,Forget21-UFLP_7_3_1-1000_1-100_spheredown_1_5.raw,Forget21-UFLP_7_3_1-1000_1-100_spheredown_1_5,UFLP,56,56,3,0.875,0.03125,2,996,56,0,NA,NA
instances/raw/UFLP/3obj/Forget21-UFLP_7_3_1-1000_1-100_spheredown_1_6.raw,Forget21-UFLP_7_3_1-1000_1-100_spheredown_1_6.raw,Forget21-UFLP_7_3_1-1000_1-100_spheredown_1_6,UFLP,56,56,3,0.875,0.03125,4,989,56,0,NA,NA
instances/raw/UFLP/3obj/Forget21-UFLP_7_3_1-1000_1-100_spheredown_1_7.raw,Forget21-UFLP_7_3_1-1000_1-100_spheredown_1_7.raw,Forget21-UFLP_7_3_1-1000_1-100_spheredown_1_7,UFLP,56,56,3,0.875,0.03125,1,999,56,0,NA,NA
instances/raw/UFLP/3obj/Forget21-UFLP_7_3_1-1000_1-100_spheredown_1_8.raw,Forget21-UFLP_7_3_1-1000_1-100_spheredown_1_8.raw,Forget21-UFLP_7_3_1-1000_1-100_spheredown_1_8,UFLP,56,56,3,0.875,0.03125,2,992,56,0,NA,NA
instances/raw/UFLP/3obj/Forget21-UFLP_7_3_1-1000_1-100_spheredown_1_9.raw,Forget21-UFLP_7_3_1-1000_1-100_spheredown_1_9.raw,Forget21-UFLP_7_3_1-1000_1-100_spheredown_1_9,UFLP,56,56,3,0.875,0.03125,1,993,56,0,NA,NA
instances/raw/UFLP/3obj/Forget21-UFLP_8_3_1-1000_1-100_spheredown_1_1.raw,Forget21-UFLP_8_3_1-1000_1-100_spheredown_1_1.raw,Forget21-UFLP_8_3_1-1000_1-100_spheredown_1_1,UFLP,72,72,3,0.8888888888888888,0.024691358024691357,2,994,72,0,NA,NA
instances/raw/UFLP/3obj/Forget21-UFLP_8_3_1-1000_1-100_spheredown_1_10.raw,Forget21-UFLP_8_3_1-1000_1-100_spheredown_1_10.raw,Forget21-UFLP_8_3_1-1000_1-100_spheredown_1_10,UFLP,72,72,3,0.8888888888888888,0.024691358024691357,4,996,72,0,NA,NA
instances/raw/UFLP/3obj/Forget21-UFLP_8_3_1-1000_1-100_spheredown_1_2.raw,Forget21-UFLP_8_3_1-1000_1-100_spheredown_1_2.raw,Forget21-UFLP_8_3_1-1000_1-100_spheredown_1_2,UFLP,72,72,3,0.8888888888888888,0.024691358024691357,1,997,72,0,NA,NA
instances/raw/UFLP/3obj/Forget21-UFLP_8_3_1-1000_1-100_spheredown_1_3.raw,Forget21-UFLP_8_3_1-1000_1-100_spheredown_1_3.raw,Forget21-UFLP_8_3_1-1000_1-100_spheredown_1_3,UFLP,72,72,3,0.8888888888888888,0.024691358024691357,3,999,72,0,NA,NA
instances/raw/UFLP/3obj/Forget21-UFLP_8_3_1-1000_1-100_spheredown_1_4.raw,Forget21-UFLP_8_3_1-1000_1-100_spheredown_1_4.raw,Forget21-UFLP_8_3_1-1000_1-100_spheredown_1_4,UFLP,72,72,3,0.8888888888888888,0.024691358024691357,2,996,72,0,NA,NA
instances/raw/UFLP/3obj/Forget21-UFLP_8_3_1-1000_1-100_spheredown_1_5.raw,Forget21-UFLP_8_3_1-1000_1-100_spheredown_1_5.raw,Forget21-UFLP_8_3_1-1000_1-100_spheredown_1_5,UFLP,72,72,3,0.8888888888888888,0.024691358024691357,2,995,72,0,NA,NA
instances/raw/UFLP/3obj/Forget21-UFLP_8_3_1-1000_1-100_spheredown_1_6.raw,Forget21-UFLP_8_3_1-1000_1-100_spheredown_1_6.raw,Forget21-UFLP_8_3_1-1000_1-100_spheredown_1_6,UFLP,72,72,3,0.8888888888888888,0.024691358024691357,2,998,72,0,NA,NA
instances/raw/UFLP/3obj/Forget21-UFLP_8_3_1-1000_1-100_spheredown_1_7.raw,Forget21-UFLP_8_3_1-1000_1-100_spheredown_1_7.raw,Forget21-UFLP_8_3_1-1000_1-100_spheredown_1_7,UFLP,72,72,3,0.8888888888888888,0.024691358024691357,2,987,72,0,NA,NA
instances/raw/UFLP/3obj/Forget21-UFLP_8_3_1-1000_1-100_spheredown_1_8.raw,Forget21-UFLP_8_3_1-1000_1-100_spheredown_1_8.raw,Forget21-UFLP_8_3_1-1000_1-100_spheredown_1_8,UFLP,72,72,3,0.8888888888888888,0.024691358024691357,1,998,72,0,NA,NA
instances/raw/UFLP/3obj/Forget21-UFLP_8_3_1-1000_1-100_spheredown_1_9.raw,Forget21-UFLP_8_3_1-1000_1-100_spheredown_1_9.raw,Forget21-UFLP_8_3_1-1000_1-100_spheredown_1_9,UFLP,72,72,3,0.8888888888888888,0.024691358024691357,3,999,72,0,NA,NA
instances/raw/UFLP/3obj/Forget21-UFLP_9_3_1-1000_1-100_spheredown_1_1.raw,Forget21-UFLP_9_3_1-1000_1-100_spheredown_1_1.raw,Forget21-UFLP_9_3_1-1000_1-100_spheredown_1_1,UFLP,90,90,3,0.9,0.02,3,1000,90,0,NA,NA
instances/raw/UFLP/3obj/Forget21-UFLP_9_3_1-1000_1-100_spheredown_1_10.raw,Forget21-UFLP_9_3_1-1000_1-100_spheredown_1_10.raw,Forget21-UFLP_9_3_1-1000_1-100_spheredown_1_10,UFLP,90,90,3,0.9,0.02,2,999,90,0,NA,NA
instances/raw/UFLP/3obj/Forget21-UFLP_9_3_1-1000_1-100_spheredown_1_2.raw,Forget21-UFLP_9_3_1-1000_1-100_spheredown_1_2.raw,Forget21-UFLP_9_3_1-1000_1-100_spheredown_1_2,UFLP,90,90,3,0.9,0.02,5,993,90,0,NA,NA
instances/raw/UFLP/3obj/Forget21-UFLP_9_3_1-1000_1-100_spheredown_1_3.raw,Forget21-UFLP_9_3_1-1000_1-100_spheredown_1_3.raw,Forget21-UFLP_9_3_1-1000_1-100_spheredown_1_3,UFLP,90,90,3,0.9,0.02,4,990,90,0,NA,NA
instances/raw/UFLP/3obj/Forget21-UFLP_9_3_1-1000_1-100_spheredown_1_4.raw,Forget21-UFLP_9_3_1-1000_1-100_spheredown_1_4.raw,Forget21-UFLP_9_3_1-1000_1-100_spheredown_1_4,UFLP,90,90,3,0.9,0.02,1,988,90,0,NA,NA
instances/raw/UFLP/3obj/Forget21-UFLP_9_3_1-1000_1-100_spheredown_1_5.raw,Forget21-UFLP_9_3_1-1000_1-100_spheredown_1_5.raw,Forget21-UFLP_9_3_1-1000_1-100_spheredown_1_5,UFLP,90,90,3,0.9,0.02,1,991,90,0,NA,NA
instances/raw/UFLP/3obj/Forget21-UFLP_9_3_1-1000_1-100_spheredown_1_6.raw,Forget21-UFLP_9_3_1-1000_1-100_spheredown_1_6.raw,Forget21-UFLP_9_3_1-1000_1-100_spheredown_1_6,UFLP,90,90,3,0.9,0.02,1,1000,90,0,NA,NA
instances/raw/UFLP/3obj/Forget21-UFLP_9_3_1-1000_1-100_spheredown_1_7.raw,Forget21-UFLP_9_3_1-1000_1-100_spheredown_1_7.raw,Forget21-UFLP_9_3_1-1000_1-100_spheredown_1_7,UFLP,90,90,3,0.9,0.02,4,990,90,0,NA,NA
instances/raw/UFLP/3obj/Forget21-UFLP_9_3_1-1000_1-100_spheredown_1_8.raw,Forget21-UFLP_9_3_1-1000_1-100_spheredown_1_8.raw,Forget21-UFLP_9_3_1-1000_1-100_spheredown_1_8,UFLP,90,90,3,0.9,0.02,4,991,90,0,NA,NA
instances/raw/UFLP/3obj/Forget21-UFLP_9_3_1-1000_1-100_spheredown_1_9.raw,Forget21-UFLP_9_3_1-1000_1-100_spheredown_1_9.raw,Forget21-UFLP_9_3_1-1000_1-100_spheredown_1_9,UFLP,90,90,3,0.9,0.02,2,999,90,0,NA,NA
instances/raw/UFLP/4obj/Forget21-UFLP_4_4_1-1000_1-100_spheredown_1_1.raw,Forget21-UFLP_4_4_1-1000_1-100_spheredown_1_1.raw,Forget21-UFLP_4_4_1-1000_1-100_spheredown_1_1,UFLP,20,20,4,0.8,0.08,4,999,20,0,NA,NA
instances/raw/UFLP/4obj/Forget21-UFLP_4_4_1-1000_1-100_spheredown_1_10.raw,Forget21-UFLP_4_4_1-1000_1-100_spheredown_1_10.raw,Forget21-UFLP_4_4_1-1000_1-100_spheredown_1_10,UFLP,20,20,4,0.8,0.08,6,966,20,0,NA,NA
instances/raw/UFLP/4obj/Forget21-UFLP_4_4_1-1000_1-100_spheredown_1_2.raw,Forget21-UFLP_4_4_1-1000_1-100_spheredown_1_2.raw,Forget21-UFLP_4_4_1-1000_1-100_spheredown_1_2,UFLP,20,20,4,0.8,0.08,12,992,20,0,NA,NA
instances/raw/UFLP/4obj/Forget21-UFLP_4_4_1-1000_1-100_spheredown_1_3.raw,Forget21-UFLP_4_4_1-1000_1-100_spheredown_1_3.raw,Forget21-UFLP_4_4_1-1000_1-100_spheredown_1_3,UFLP,20,20,4,0.8,0.08,7,975,20,0,NA,NA
instances/raw/UFLP/4obj/Forget21-UFLP_4_4_1-1000_1-100_spheredown_1_4.raw,Forget21-UFLP_4_4_1-1000_1-100_spheredown_1_4.raw,Forget21-UFLP_4_4_1-1000_1-100_spheredown_1_4,UFLP,20,20,4,0.8,0.08,8,989,20,0,NA,NA
instances/raw/UFLP/4obj/Forget21-UFLP_4_4_1-1000_1-100_spheredown_1_5.raw,Forget21-UFLP_4_4_1-1000_1-100_spheredown_1_5.raw,Forget21-UFLP_4_4_1-1000_1-100_spheredown_1_5,UFLP,20,20,4,0.8,0.08,16,998,20,0,NA,NA
instances/raw/UFLP/4obj/Forget21-UFLP_4_4_1-1000_1-100_spheredown_1_6.raw,Forget21-UFLP_4_4_1-1000_1-100_spheredown_1_6.raw,Forget21-UFLP_4_4_1-1000_1-100_spheredown_1_6,UFLP,20,20,4,0.8,0.08,6,998,20,0,NA,NA
instances/raw/UFLP/4obj/Forget21-UFLP_4_4_1-1000_1-100_spheredown_1_7.raw,Forget21-UFLP_4_4_1-1000_1-100_spheredown_1_7.raw,Forget21-UFLP_4_4_1-1000_1-100_spheredown_1_7,UFLP,20,20,4,0.8,0.08,15,968,20,0,NA,NA
instances/raw/UFLP/4obj/Forget21-UFLP_4_4_1-1000_1-100_spheredown_1_8.raw,Forget21-UFLP_4_4_1-1000_1-100_spheredown_1_8.raw,Forget21-UFLP_4_4_1-1000_1-100_spheredown_1_8,UFLP,20,20,4,0.8,0.08,12,977,20,0,NA,NA
instances/raw/UFLP/4obj/Forget21-UFLP_4_4_1-1000_1-100_spheredown_1_9.raw,Forget21-UFLP_4_4_1-1000_1-100_spheredown_1_9.raw,Forget21-UFLP_4_4_1-1000_1-100_spheredown_1_9,UFLP,20,20,4,0.8,0.08,8,996,20,0,NA,NA
instances/raw/UFLP/4obj/Forget21-UFLP_5_4_1-1000_1-100_spheredown_1_1.raw,Forget21-UFLP_5_4_1-1000_1-100_spheredown_1_1.raw,Forget21-UFLP_5_4_1-1000_1-100_spheredown_1_1,UFLP,30,30,4,0.8333333333333334,0.05555555555555555,15,999,30,0,NA,NA
instances/raw/UFLP/4obj/Forget21-UFLP_5_4_1-1000_1-100_spheredown_1_10.raw,Forget21-UFLP_5_4_1-1000_1-100_spheredown_1_10.raw,Forget21-UFLP_5_4_1-1000_1-100_spheredown_1_10,UFLP,30,30,4,0.8333333333333334,0.05555555555555555,7,989,30,0,NA,NA
instances/raw/UFLP/4obj/Forget21-UFLP_5_4_1-1000_1-100_spheredown_1_2.raw,Forget21-UFLP_5_4_1-1000_1-100_spheredown_1_2.raw,Forget21-UFLP_5_4_1-1000_1-100_spheredown_1_2,UFLP,30,30,4,0.8333333333333334,0.05555555555555555,2,996,30,0,NA,NA
instances/raw/UFLP/4obj/Forget21-UFLP_5_4_1-1000_1-100_spheredown_1_3.raw,Forget21-UFLP_5_4_1-1000_1-100_spheredown_1_3.raw,Forget21-UFLP_5_4_1-1000_1-100_spheredown_1_3,UFLP,30,30,4,0.8333333333333334,0.05555555555555555,6,996,30,0,NA,NA
instances/raw/UFLP/4obj/Forget21-UFLP_5_4_1-1000_1-100_spheredown_1_4.raw,Forget21-UFLP_5_4_1-1000_1-100_spheredown_1_4.raw,Forget21-UFLP_5_4_1-1000_1-100_spheredown_1_4,UFLP,30,30,4,0.8333333333333334,0.05555555555555555,4,998,30,0,NA,NA
instances/raw/UFLP/4obj/Forget21-UFLP_5_4_1-1000_1-100_spheredown_1_5.raw,Forget21-UFLP_5_4_1-1000_1-100_spheredown_1_5.raw,Forget21-UFLP_5_4_1-1000_1-100_spheredown_1_5,UFLP,30,30,4,0.8333333333333334,0.05555555555555555,7,984,30,0,NA,NA
instances/raw/UFLP/4obj/Forget21-UFLP_5_4_1-1000_1-100_spheredown_1_6.raw,Forget21-UFLP_5_4_1-1000_1-100_spheredown_1_6.raw,Forget21-UFLP_5_4_1-1000_1-100_spheredown_1_6,UFLP,30,30,4,0.8333333333333334,0.05555555555555555,17,997,30,0,NA,NA
instances/raw/UFLP/4obj/Forget21-UFLP_5_4_1-1000_1-100_spheredown_1_7.raw,Forget21-UFLP_5_4_1-1000_1-100_spheredown_1_7.raw,Forget21-UFLP_5_4_1-1000_1-100_spheredown_1_7,UFLP,30,30,4,0.8333333333333334,0.05555555555555555,15,984,30,0,NA,NA
instances/raw/UFLP/4obj/Forget21-UFLP_5_4_1-1000_1-100_spheredown_1_8.raw,Forget21-UFLP_5_4_1-1000_1-100_spheredown_1_8.raw,Forget21-UFLP_5_4_1-1000_1-100_spheredown_1_8,UFLP,30,30,4,0.8333333333333334,0.05555555555555555,19,994,30,0,NA,NA
instances/raw/UFLP/4obj/Forget21-UFLP_5_4_1-1000_1-100_spheredown_1_9.raw,Forget21-UFLP_5_4_1-1000_1-100_spheredown_1_9.raw,Forget21-UFLP_5_4_1-1000_1-100_spheredown_1_9,UFLP,30,30,4,0.8333333333333334,0.05555555555555555,4,1000,30,0,NA,NA
instances/raw/UFLP/4obj/Forget21-UFLP_6_4_1-1000_1-100_spheredown_1_1.raw,Forget21-UFLP_6_4_1-1000_1-100_spheredown_1_1.raw,Forget21-UFLP_6_4_1-1000_1-100_spheredown_1_1,UFLP,42,42,4,0.8571428571428571,0.04081632653061224,6,997,42,0,NA,NA
instances/raw/UFLP/4obj/Forget21-UFLP_6_4_1-1000_1-100_spheredown_1_10.raw,Forget21-UFLP_6_4_1-1000_1-100_spheredown_1_10.raw,Forget21-UFLP_6_4_1-1000_1-100_spheredown_1_10,UFLP,42,42,4,0.8571428571428571,0.04081632653061224,10,997,42,0,NA,NA
instances/raw/UFLP/4obj/Forget21-UFLP_6_4_1-1000_1-100_spheredown_1_2.raw,Forget21-UFLP_6_4_1-1000_1-100_spheredown_1_2.raw,Forget21-UFLP_6_4_1-1000_1-100_spheredown_1_2,UFLP,42,42,4,0.8571428571428571,0.04081632653061224,5,1000,42,0,NA,NA
instances/raw/UFLP/4obj/Forget21-UFLP_6_4_1-1000_1-100_spheredown_1_3.raw,Forget21-UFLP_6_4_1-1000_1-100_spheredown_1_3.raw,Forget21-UFLP_6_4_1-1000_1-100_spheredown_1_3,UFLP,42,42,4,0.8571428571428571,0.04081632653061224,9,996,42,0,NA,NA
instances/raw/UFLP/4obj/Forget21-UFLP_6_4_1-1000_1-100_spheredown_1_4.raw,Forget21-UFLP_6_4_1-1000_1-100_spheredown_1_4.raw,Forget21-UFLP_6_4_1-1000_1-100_spheredown_1_4,UFLP,42,42,4,0.8571428571428571,0.04081632653061224,7,996,42,0,NA,NA
instances/raw/UFLP/4obj/Forget21-UFLP_6_4_1-1000_1-100_spheredown_1_5.raw,Forget21-UFLP_6_4_1-1000_1-100_spheredown_1_5.raw,Forget21-UFLP_6_4_1-1000_1-100_spheredown_1_5,UFLP,42,42,4,0.8571428571428571,0.04081632653061224,3,993,42,0,NA,NA
instances/raw/UFLP/4obj/Forget21-UFLP_6_4_1-1000_1-100_spheredown_1_6.raw,Forget21-UFLP_6_4_1-1000_1-100_spheredown_1_6.raw,Forget21-UFLP_6_4_1-1000_1-100_spheredown_1_6,UFLP,42,42,4,0.8571428571428571,0.04081632653061224,5,983,42,0,NA,NA
instances/raw/UFLP/4obj/Forget21-UFLP_6_4_1-1000_1-100_spheredown_1_7.raw,Forget21-UFLP_6_4_1-1000_1-100_spheredown_1_7.raw,Forget21-UFLP_6_4_1-1000_1-100_spheredown_1_7,UFLP,42,42,4,0.8571428571428571,0.04081632653061224,3,999,42,0,NA,NA
instances/raw/UFLP/4obj/Forget21-UFLP_6_4_1-1000_1-100_spheredown_1_8.raw,Forget21-UFLP_6_4_1-1000_1-100_spheredown_1_8.raw,Forget21-UFLP_6_4_1-1000_1-100_spheredown_1_8,UFLP,42,42,4,0.8571428571428571,0.04081632653061224,16,1000,42,0,NA,NA
instances/raw/UFLP/4obj/Forget21-UFLP_6_4_1-1000_1-100_spheredown_1_9.raw,Forget21-UFLP_6_4_1-1000_1-100_spheredown_1_9.raw,Forget21-UFLP_6_4_1-1000_1-100_spheredown_1_9,UFLP,42,42,4,0.8571428571428571,0.04081632653061224,15,997,42,0,NA,NA
instances/raw/UFLP/4obj/Forget21-UFLP_7_4_1-1000_1-100_spheredown_1_1.raw,Forget21-UFLP_7_4_1-1000_1-100_spheredown_1_1.raw,Forget21-UFLP_7_4_1-1000_1-100_spheredown_1_1,UFLP,56,56,4,0.875,0.03125,6,997,56,0,NA,NA
instances/raw/UFLP/4obj/Forget21-UFLP_7_4_1-1000_1-100_spheredown_1_10.raw,Forget21-UFLP_7_4_1-1000_1-100_spheredown_1_10.raw,Forget21-UFLP_7_4_1-1000_1-100_spheredown_1_10,UFLP,56,56,4,0.875,0.03125,7,994,56,0,NA,NA
instances/raw/UFLP/4obj/Forget21-UFLP_7_4_1-1000_1-100_spheredown_1_2.raw,Forget21-UFLP_7_4_1-1000_1-100_spheredown_1_2.raw,Forget21-UFLP_7_4_1-1000_1-100_spheredown_1_2,UFLP,56,56,4,0.875,0.03125,6,999,56,0,NA,NA
instances/raw/UFLP/4obj/Forget21-UFLP_7_4_1-1000_1-100_spheredown_1_3.raw,Forget21-UFLP_7_4_1-1000_1-100_spheredown_1_3.raw,Forget21-UFLP_7_4_1-1000_1-100_spheredown_1_3,UFLP,56,56,4,0.875,0.03125,18,996,56,0,NA,NA
instances/raw/UFLP/4obj/Forget21-UFLP_7_4_1-1000_1-100_spheredown_1_4.raw,Forget21-UFLP_7_4_1-1000_1-100_spheredown_1_4.raw,Forget21-UFLP_7_4_1-1000_1-100_spheredown_1_4,UFLP,56,56,4,0.875,0.03125,9,996,56,0,NA,NA
instances/raw/UFLP/4obj/Forget21-UFLP_7_4_1-1000_1-100_spheredown_1_5.raw,Forget21-UFLP_7_4_1-1000_1-100_spheredown_1_5.raw,Forget21-UFLP_7_4_1-1000_1-100_spheredown_1_5,UFLP,56,56,4,0.875,0.03125,5,997,56,0,NA,NA
instances/raw/UFLP/4obj/Forget21-UFLP_7_4_1-1000_1-100_spheredown_1_6.raw,Forget21-UFLP_7_4_1-1000_1-100_spheredown_1_6.raw,Forget21-UFLP_7_4_1-1000_1-100_spheredown_1_6,UFLP,56,56,4,0.875,0.03125,4,997,56,0,NA,NA
instances/raw/UFLP/4obj/Forget21-UFLP_7_4_1-1000_1-100_spheredown_1_7.raw,Forget21-UFLP_7_4_1-1000_1-100_spheredown_1_7.raw,Forget21-UFLP_7_4_1-1000_1-100_spheredown_1_7,UFLP,56,56,4,0.875,0.03125,15,999,56,0,NA,NA
instances/raw/UFLP/4obj/Forget21-UFLP_7_4_1-1000_1-100_spheredown_1_8.raw,Forget21-UFLP_7_4_1-1000_1-100_spheredown_1_8.raw,Forget21-UFLP_7_4_1-1000_1-100_spheredown_1_8,UFLP,56,56,4,0.875,0.03125,11,990,56,0,NA,NA
instances/raw/UFLP/4obj/Forget21-UFLP_7_4_1-1000_1-100_spheredown_1_9.raw,Forget21-UFLP_7_4_1-1000_1-100_spheredown_1_9.raw,Forget21-UFLP_7_4_1-1000_1-100_spheredown_1_9,UFLP,56,56,4,0.875,0.03125,8,996,56,0,NA,NA
instances/raw/UFLP/5obj/Forget21-UFLP_3_5_1-1000_1-100_spheredown_1_1.raw,Forget21-UFLP_3_5_1-1000_1-100_spheredown_1_1.raw,Forget21-UFLP_3_5_1-1000_1-100_spheredown_1_1,UFLP,12,12,5,0.75,0.125,7,996,12,0,NA,NA
instances/raw/UFLP/5obj/Forget21-UFLP_3_5_1-1000_1-100_spheredown_1_10.raw,Forget21-UFLP_3_5_1-1000_1-100_spheredown_1_10.raw,Forget21-UFLP_3_5_1-1000_1-100_spheredown_1_10,UFLP,12,12,5,0.75,0.125,14,990,12,0,NA,NA
instances/raw/UFLP/5obj/Forget21-UFLP_3_5_1-1000_1-100_spheredown_1_2.raw,Forget21-UFLP_3_5_1-1000_1-100_spheredown_1_2.raw,Forget21-UFLP_3_5_1-1000_1-100_spheredown_1_2,UFLP,12,12,5,0.75,0.125,8,990,12,0,NA,NA
instances/raw/UFLP/5obj/Forget21-UFLP_3_5_1-1000_1-100_spheredown_1_3.raw,Forget21-UFLP_3_5_1-1000_1-100_spheredown_1_3.raw,Forget21-UFLP_3_5_1-1000_1-100_spheredown_1_3,UFLP,12,12,5,0.75,0.125,18,984,12,0,NA,NA
instances/raw/UFLP/5obj/Forget21-UFLP_3_5_1-1000_1-100_spheredown_1_4.raw,Forget21-UFLP_3_5_1-1000_1-100_spheredown_1_4.raw,Forget21-UFLP_3_5_1-1000_1-100_spheredown_1_4,UFLP,12,12,5,0.75,0.125,14,995,12,0,NA,NA
instances/raw/UFLP/5obj/Forget21-UFLP_3_5_1-1000_1-100_spheredown_1_5.raw,Forget21-UFLP_3_5_1-1000_1-100_spheredown_1_5.raw,Forget21-UFLP_3_5_1-1000_1-100_spheredown_1_5,UFLP,12,12,5,0.75,0.125,26,993,12,0,NA,NA
instances/raw/UFLP/5obj/Forget21-UFLP_3_5_1-1000_1-100_spheredown_1_6.raw,Forget21-UFLP_3_5_1-1000_1-100_spheredown_1_6.raw,Forget21-UFLP_3_5_1-1000_1-100_spheredown_1_6,UFLP,12,12,5,0.75,0.125,20,993,12,0,NA,NA
instances/raw/UFLP/5obj/Forget21-UFLP_3_5_1-1000_1-100_spheredown_1_7.raw,Forget21-UFLP_3_5_1-1000_1-100_spheredown_1_7.raw,Forget21-UFLP_3_5_1-1000_1-100_spheredown_1_7,UFLP,12,12,5,0.75,0.125,22,993,12,0,NA,NA
instances/raw/UFLP/5obj/Forget21-UFLP_3_5_1-1000_1-100_spheredown_1_8.raw,Forget21-UFLP_3_5_1-1000_1-100_spheredown_1_8.raw,Forget21-UFLP_3_5_1-1000_1-100_spheredown_1_8,UFLP,12,12,5,0.75,0.125,23,997,12,0,NA,NA
instances/raw/UFLP/5obj/Forget21-UFLP_3_5_1-1000_1-100_spheredown_1_9.raw,Forget21-UFLP_3_5_1-1000_1-100_spheredown_1_9.raw,Forget21-UFLP_3_5_1-1000_1-100_spheredown_1_9,UFLP,12,12,5,0.75,0.125,19,998,12,0,NA,NA
instances/raw/UFLP/5obj/Forget21-UFLP_4_5_1-1000_1-100_spheredown_1_1.raw,Forget21-UFLP_4_5_1-1000_1-100_spheredown_1_1.raw,Forget21-UFLP_4_5_1-1000_1-100_spheredown_1_1,UFLP,20,20,5,0.8,0.08,20,984,20,0,NA,NA
instances/raw/UFLP/5obj/Forget21-UFLP_4_5_1-1000_1-100_spheredown_1_10.raw,Forget21-UFLP_4_5_1-1000_1-100_spheredown_1_10.raw,Forget21-UFLP_4_5_1-1000_1-100_spheredown_1_10,UFLP,20,20,5,0.8,0.08,16,997,20,0,NA,NA
instances/raw/UFLP/5obj/Forget21-UFLP_4_5_1-1000_1-100_spheredown_1_2.raw,Forget21-UFLP_4_5_1-1000_1-100_spheredown_1_2.raw,Forget21-UFLP_4_5_1-1000_1-100_spheredown_1_2,UFLP,20,20,5,0.8,0.08,26,996,20,0,NA,NA
instances/raw/UFLP/5obj/Forget21-UFLP_4_5_1-1000_1-100_spheredown_1_3.raw,Forget21-UFLP_4_5_1-1000_1-100_spheredown_1_3.raw,Forget21-UFLP_4_5_1-1000_1-100_spheredown_1_3,UFLP,20,20,5,0.8,0.08,14,996,20,0,NA,NA
instances/raw/UFLP/5obj/Forget21-UFLP_4_5_1-1000_1-100_spheredown_1_4.raw,Forget21-UFLP_4_5_1-1000_1-100_spheredown_1_4.raw,Forget21-UFLP_4_5_1-1000_1-100_spheredown_1_4,UFLP,20,20,5,0.8,0.08,17,999,20,0,NA,NA
instances/raw/UFLP/5obj/Forget21-UFLP_4_5_1-1000_1-100_spheredown_1_5.raw,Forget21-UFLP_4_5_1-1000_1-100_spheredown_1_5.raw,Forget21-UFLP_4_5_1-1000_1-100_spheredown_1_5,UFLP,20,20,5,0.8,0.08,23,998,20,0,NA,NA
instances/raw/UFLP/5obj/Forget21-UFLP_4_5_1-1000_1-100_spheredown_1_6.raw,Forget21-UFLP_4_5_1-1000_1-100_spheredown_1_6.raw,Forget21-UFLP_4_5_1-1000_1-100_spheredown_1_6,UFLP,20,20,5,0.8,0.08,9,993,20,0,NA,NA
instances/raw/UFLP/5obj/Forget21-UFLP_4_5_1-1000_1-100_spheredown_1_7.raw,Forget21-UFLP_4_5_1-1000_1-100_spheredown_1_7.raw,Forget21-UFLP_4_5_1-1000_1-100_spheredown_1_7,UFLP,20,20,5,0.8,0.08,10,999,20,0,NA,NA
instances/raw/UFLP/5obj/Forget21-UFLP_4_5_1-1000_1-100_spheredown_1_8.raw,Forget21-UFLP_4_5_1-1000_1-100_spheredown_1_8.raw,Forget21-UFLP_4_5_1-1000_1-100_spheredown_1_8,UFLP,20,20,5,0.8,0.08,15,983,20,0,NA,NA
instances/raw/UFLP/5obj/Forget21-UFLP_4_5_1-1000_1-100_spheredown_1_9.raw,Forget21-UFLP_4_5_1-1000_1-100_spheredown_1_9.raw,Forget21-UFLP_4_5_1-1000_1-100_spheredown_1_9,UFLP,20,20,5,0.8,0.08,12,994,20,0,NA,NA
instances/raw/UFLP/5obj/Forget21-UFLP_5_5_1-1000_1-100_spheredown_1_1.raw,Forget21-UFLP_5_5_1-1000_1-100_spheredown_1_1.raw,Forget21-UFLP_5_5_1-1000_1-100_spheredown_1_1,UFLP,30,30,5,0.8333333333333334,0.05555555555555555,12,999,30,0,NA,NA
instances/raw/UFLP/5obj/Forget21-UFLP_5_5_1-1000_1-100_spheredown_1_10.raw,Forget21-UFLP_5_5_1-1000_1-100_spheredown_1_10.raw,Forget21-UFLP_5_5_1-1000_1-100_spheredown_1_10,UFLP,30,30,5,0.8333333333333334,0.05555555555555555,15,1000,30,0,NA,NA
instances/raw/UFLP/5obj/Forget21-UFLP_5_5_1-1000_1-100_spheredown_1_2.raw,Forget21-UFLP_5_5_1-1000_1-100_spheredown_1_2.raw,Forget21-UFLP_5_5_1-1000_1-100_spheredown_1_2,UFLP,30,30,5,0.8333333333333334,0.05555555555555555,21,994,30,0,NA,NA
instances/raw/UFLP/5obj/Forget21-UFLP_5_5_1-1000_1-100_spheredown_1_3.raw,Forget21-UFLP_5_5_1-1000_1-100_spheredown_1_3.raw,Forget21-UFLP_5_5_1-1000_1-100_spheredown_1_3,UFLP,30,30,5,0.8333333333333334,0.05555555555555555,19,1000,30,0,NA,NA
instances/raw/UFLP/5obj/Forget21-UFLP_5_5_1-1000_1-100_spheredown_1_4.raw,Forget21-UFLP_5_5_1-1000_1-100_spheredown_1_4.raw,Forget21-UFLP_5_5_1-1000_1-100_spheredown_1_4,UFLP,30,30,5,0.8333333333333334,0.05555555555555555,12,998,30,0,NA,NA
instances/raw/UFLP/5obj/Forget21-UFLP_5_5_1-1000_1-100_spheredown_1_5.raw,Forget21-UFLP_5_5_1-1000_1-100_spheredown_1_5.raw,Forget21-UFLP_5_5_1-1000_1-100_spheredown_1_5,UFLP,30,30,5,0.8333333333333334,0.05555555555555555,9,989,30,0,NA,NA
instances/raw/UFLP/5obj/Forget21-UFLP_5_5_1-1000_1-100_spheredown_1_6.raw,Forget21-UFLP_5_5_1-1000_1-100_spheredown_1_6.raw,Forget21-UFLP_5_5_1-1000_1-100_spheredown_1_6,UFLP,30,30,5,0.8333333333333334,0.05555555555555555,6,1000,30,0,NA,NA
instances/raw/UFLP/5obj/Forget21-UFLP_5_5_1-1000_1-100_spheredown_1_7.raw,Forget21-UFLP_5_5_1-1000_1-100_spheredown_1_7.raw,Forget21-UFLP_5_5_1-1000_1-100_spheredown_1_7,UFLP,30,30,5,0.8333333333333334,0.05555555555555555,16,980,30,0,NA,NA
instances/raw/UFLP/5obj/Forget21-UFLP_5_5_1-1000_1-100_spheredown_1_8.raw,Forget21-UFLP_5_5_1-1000_1-100_spheredown_1_8.raw,Forget21-UFLP_5_5_1-1000_1-100_spheredown_1_8,UFLP,30,30,5,0.8333333333333334,0.05555555555555555,13,1000,30,0,NA,NA
instances/raw/UFLP/5obj/Forget21-UFLP_5_5_1-1000_1-100_spheredown_1_9.raw,Forget21-UFLP_5_5_1-1000_1-100_spheredown_1_9.raw,Forget21-UFLP_5_5_1-1000_1-100_spheredown_1_9,UFLP,30,30,5,0.8333333333333334,0.05555555555555555,21,997,30,0,NA,NA
instances/raw/UFLP/5obj/Forget21-UFLP_6_5_1-1000_1-100_spheredown_1_1.raw,Forget21-UFLP_6_5_1-1000_1-100_spheredown_1_1.raw,Forget21-UFLP_6_5_1-1000_1-100_spheredown_1_1,UFLP,42,42,5,0.8571428571428571,0.04081632653061224,15,1000,42,0,NA,NA
instances/raw/UFLP/5obj/Forget21-UFLP_6_5_1-1000_1-100_spheredown_1_10.raw,Forget21-UFLP_6_5_1-1000_1-100_spheredown_1_10.raw,Forget21-UFLP_6_5_1-1000_1-100_spheredown_1_10,UFLP,42,42,5,0.8571428571428571,0.04081632653061224,15,992,42,0,NA,NA
instances/raw/UFLP/5obj/Forget21-UFLP_6_5_1-1000_1-100_spheredown_1_2.raw,Forget21-UFLP_6_5_1-1000_1-100_spheredown_1_2.raw,Forget21-UFLP_6_5_1-1000_1-100_spheredown_1_2,UFLP,42,42,5,0.8571428571428571,0.04081632653061224,14,1000,42,0,NA,NA
instances/raw/UFLP/5obj/Forget21-UFLP_6_5_1-1000_1-100_spheredown_1_3.raw,Forget21-UFLP_6_5_1-1000_1-100_spheredown_1_3.raw,Forget21-UFLP_6_5_1-1000_1-100_spheredown_1_3,UFLP,42,42,5,0.8571428571428571,0.04081632653061224,2,1000,42,0,NA,NA
instances/raw/UFLP/5obj/Forget21-UFLP_6_5_1-1000_1-100_spheredown_1_4.raw,Forget21-UFLP_6_5_1-1000_1-100_spheredown_1_4.raw,Forget21-UFLP_6_5_1-1000_1-100_spheredown_1_4,UFLP,42,42,5,0.8571428571428571,0.04081632653061224,16,997,42,0,NA,NA
instances/raw/UFLP/5obj/Forget21-UFLP_6_5_1-1000_1-100_spheredown_1_5.raw,Forget21-UFLP_6_5_1-1000_1-100_spheredown_1_5.raw,Forget21-UFLP_6_5_1-1000_1-100_spheredown_1_5,UFLP,42,42,5,0.8571428571428571,0.04081632653061224,6,1000,42,0,NA,NA
instances/raw/UFLP/5obj/Forget21-UFLP_6_5_1-1000_1-100_spheredown_1_6.raw,Forget21-UFLP_6_5_1-1000_1-100_spheredown_1_6.raw,Forget21-UFLP_6_5_1-1000_1-100_spheredown_1_6,UFLP,42,42,5,0.8571428571428571,0.04081632653061224,8,998,42,0,NA,NA
instances/raw/UFLP/5obj/Forget21-UFLP_6_5_1-1000_1-100_spheredown_1_7.raw,Forget21-UFLP_6_5_1-1000_1-100_spheredown_1_7.raw,Forget21-UFLP_6_5_1-1000_1-100_spheredown_1_7,UFLP,42,42,5,0.8571428571428571,0.04081632653061224,13,1000,42,0,NA,NA
instances/raw/UFLP/5obj/Forget21-UFLP_6_5_1-1000_1-100_spheredown_1_8.raw,Forget21-UFLP_6_5_1-1000_1-100_spheredown_1_8.raw,Forget21-UFLP_6_5_1-1000_1-100_spheredown_1_8,UFLP,42,42,5,0.8571428571428571,0.04081632653061224,6,999,42,0,NA,NA
instances/raw/UFLP/5obj/Forget21-UFLP_6_5_1-1000_1-100_spheredown_1_9.raw,Forget21-UFLP_6_5_1-1000_1-100_spheredown_1_9.raw,Forget21-UFLP_6_5_1-1000_1-100_spheredown_1_9,UFLP,42,42,5,0.8571428571428571,0.04081632653061224,9,996,42,0,NA,NA
../MOrepo-Kirlik14/instances/raw/3obj/Kirlik14-ILP_p-3_n-10_m-5_ins-1.raw,Kirlik14-ILP_p-3_n-10_m-5_ins-1.raw,Kirlik14-ILP_p-3_n-10_m-5_ins-1,ILP,10,5,3,0.5,0.68,-90,99,0,10,0,100
../MOrepo-Kirlik14/instances/raw/3obj/Kirlik14-ILP_p-3_n-10_m-5_ins-10.raw,Kirlik14-ILP_p-3_n-10_m-5_ins-10.raw,Kirlik14-ILP_p-3_n-10_m-5_ins-10,ILP,10,5,3,0.4,0.8,-54,100,0,10,0,100
../MOrepo-Kirlik14/instances/raw/3obj/Kirlik14-ILP_p-3_n-10_m-5_ins-2.raw,Kirlik14-ILP_p-3_n-10_m-5_ins-2.raw,Kirlik14-ILP_p-3_n-10_m-5_ins-2,ILP,10,5,3,0.6,0.7,-51,99,0,10,0,100
../MOrepo-Kirlik14/instances/raw/3obj/Kirlik14-ILP_p-3_n-10_m-5_ins-3.raw,Kirlik14-ILP_p-3_n-10_m-5_ins-3.raw,Kirlik14-ILP_p-3_n-10_m-5_ins-3,ILP,10,5,3,0.6,0.86,-53,95,0,10,0,100
../MOrepo-Kirlik14/instances/raw/3obj/Kirlik14-ILP_p-3_n-10_m-5_ins-4.raw,Kirlik14-ILP_p-3_n-10_m-5_ins-4.raw,Kirlik14-ILP_p-3_n-10_m-5_ins-4,ILP,10,5,3,0.7,0.88,-84,98,0,10,0,100
../MOrepo-Kirlik14/instances/raw/3obj/Kirlik14-ILP_p-3_n-10_m-5_ins-5.raw,Kirlik14-ILP_p-3_n-10_m-5_ins-5.raw,Kirlik14-ILP_p-3_n-10_m-5_ins-5,ILP,10,5,3,0.7,0.82,-98,95,0,10,0,100
../MOrepo-Kirlik14/instances/raw/3obj/Kirlik14-ILP_p-3_n-10_m-5_ins-6.raw,Kirlik14-ILP_p-3_n-10_m-5_ins-6.raw,Kirlik14-ILP_p-3_n-10_m-5_ins-6,ILP,10,5,3,0.1,0.88,-90,96,0,10,0,100
../MOrepo-Kirlik14/instances/raw/3obj/Kirlik14-ILP_p-3_n-10_m-5_ins-7.raw,Kirlik14-ILP_p-3_n-10_m-5_ins-7.raw,Kirlik14-ILP_p-3_n-10_m-5_ins-7,ILP,10,5,3,0.4,0.82,-100,100,0,10,0,100
../MOrepo-Kirlik14/instances/raw/3obj/Kirlik14-ILP_p-3_n-10_m-5_ins-8.raw,Kirlik14-ILP_p-3_n-10_m-5_ins-8.raw,Kirlik14-ILP_p-3_n-10_m-5_ins-8,ILP,10,5,3,0.9,0.76,-75,100,0,10,0,100
../MOrepo-Kirlik14/instances/raw/3obj/Kirlik14-ILP_p-3_n-10_m-5_ins-9.raw,Kirlik14-ILP_p-3_n-10_m-5_ins-9.raw,Kirlik14-ILP_p-3_n-10_m-5_ins-9,ILP,10,5,3,0.4,0.82,-62,96,0,10,0,100
../MOrepo-Kirlik14/instances/raw/3obj/Kirlik14-ILP_p-3_n-20_m-10_ins-1.raw,Kirlik14-ILP_p-3_n-20_m-10_ins-1.raw,Kirlik14-ILP_p-3_n-20_m-10_ins-1,ILP,20,10,3,0.45,0.825,-84,99,0,20,0,100
../MOrepo-Kirlik14/instances/raw/3obj/Kirlik14-ILP_p-3_n-20_m-10_ins-10.raw,Kirlik14-ILP_p-3_n-20_m-10_ins-10.raw,Kirlik14-ILP_p-3_n-20_m-10_ins-10,ILP,20,10,3,0.35,0.735,-99,96,0,20,0,100
../MOrepo-Kirlik14/instances/raw/3obj/Kirlik14-ILP_p-3_n-20_m-10_ins-2.raw,Kirlik14-ILP_p-3_n-20_m-10_ins-2.raw,Kirlik14-ILP_p-3_n-20_m-10_ins-2,ILP,20,10,3,0.5,0.79,-94,100,0,20,0,100
../MOrepo-Kirlik14/instances/raw/3obj/Kirlik14-ILP_p-3_n-20_m-10_ins-3.raw,Kirlik14-ILP_p-3_n-20_m-10_ins-3.raw,Kirlik14-ILP_p-3_n-20_m-10_ins-3,ILP,20,10,3,0.2,0.8,-82,100,0,20,0,100
../MOrepo-Kirlik14/instances/raw/3obj/Kirlik14-ILP_p-3_n-20_m-10_ins-4.raw,Kirlik14-ILP_p-3_n-20_m-10_ins-4.raw,Kirlik14-ILP_p-3_n-20_m-10_ins-4,ILP,20,10,3,0.2,0.85,-96,98,0,20,0,100
../MOrepo-Kirlik14/instances/raw/3obj/Kirlik14-ILP_p-3_n-20_m-10_ins-5.raw,Kirlik14-ILP_p-3_n-20_m-10_ins-5.raw,Kirlik14-ILP_p-3_n-20_m-10_ins-5,ILP,20,10,3,0.3,0.82,-91,98,0,20,0,100
../MOrepo-Kirlik14/instances/raw/3obj/Kirlik14-ILP_p-3_n-20_m-10_ins-6.raw,Kirlik14-ILP_p-3_n-20_m-10_ins-6.raw,Kirlik14-ILP_p-3_n-20_m-10_ins-6,ILP,20,10,3,0.35,0.78,-100,98,0,20,0,100
../MOrepo-Kirlik14/instances/raw/3obj/Kirlik14-ILP_p-3_n-20_m-10_ins-7.raw,Kirlik14-ILP_p-3_n-20_m-10_ins-7.raw,Kirlik14-ILP_p-3_n-20_m-10_ins-7,ILP,20,10,3,0.35,0.77,-94,95,0,20,0,100
../MOrepo-Kirlik14/instances/raw/3obj/Kirlik14-ILP_p-3_n-20_m-10_ins-8.raw,Kirlik14-ILP_p-3_n-20_m-10_ins-8.raw,Kirlik14-ILP_p-3_n-20_m-10_ins-8,ILP,20,10,3,0.25,0.85,-98,100,0,20,0,100
../MOrepo-Kirlik14/instances/raw/3obj/Kirlik14-ILP_p-3_n-20_m-10_ins-9.raw,Kirlik14-ILP_p-3_n-20_m-10_ins-9.raw,Kirlik14-ILP_p-3_n-20_m-10_ins-9,ILP,20,10,3,0.3,0.785,-97,100,0,20,0,100
../MOrepo-Kirlik14/instances/raw/3obj/Kirlik14-ILP_p-3_n-30_m-15_ins-1.raw,Kirlik14-ILP_p-3_n-30_m-15_ins-1.raw,Kirlik14-ILP_p-3_n-30_m-15_ins-1,ILP,30,15,3,0.2,0.7822222222222223,-97,99,0,30,0,100
../MOrepo-Kirlik14/instances/raw/3obj/Kirlik14-ILP_p-3_n-30_m-15_ins-10.raw,Kirlik14-ILP_p-3_n-30_m-15_ins-10.raw,Kirlik14-ILP_p-3_n-30_m-15_ins-10,ILP,30,15,3,0.2,0.8311111111111111,-89,100,0,30,0,100
../MOrepo-Kirlik14/instances/raw/3obj/Kirlik14-ILP_p-3_n-30_m-15_ins-2.raw,Kirlik14-ILP_p-3_n-30_m-15_ins-2.raw,Kirlik14-ILP_p-3_n-30_m-15_ins-2,ILP,30,15,3,0.36666666666666664,0.7977777777777778,-98,96,0,30,0,100
../MOrepo-Kirlik14/instances/raw/3obj/Kirlik14-ILP_p-3_n-30_m-15_ins-3.raw,Kirlik14-ILP_p-3_n-30_m-15_ins-3.raw,Kirlik14-ILP_p-3_n-30_m-15_ins-3,ILP,30,15,3,0.3,0.78,-98,97,0,30,0,100
../MOrepo-Kirlik14/instances/raw/3obj/Kirlik14-ILP_p-3_n-30_m-15_ins-4.raw,Kirlik14-ILP_p-3_n-30_m-15_ins-4.raw,Kirlik14-ILP_p-3_n-30_m-15_ins-4,ILP,30,15,3,0.5666666666666667,0.7933333333333333,-97,100,0,30,0,100
../MOrepo-Kirlik14/instances/raw/3obj/Kirlik14-ILP_p-3_n-30_m-15_ins-5.raw,Kirlik14-ILP_p-3_n-30_m-15_ins-5.raw,Kirlik14-ILP_p-3_n-30_m-15_ins-5,ILP,30,15,3,0.23333333333333334,0.7844444444444445,-95,98,0,30,0,100
../MOrepo-Kirlik14/instances/raw/3obj/Kirlik14-ILP_p-3_n-30_m-15_ins-6.raw,Kirlik14-ILP_p-3_n-30_m-15_ins-6.raw,Kirlik14-ILP_p-3_n-30_m-15_ins-6,ILP,30,15,3,0.3333333333333333,0.8088888888888889,-99,98,0,30,0,100
../MOrepo-Kirlik14/instances/raw/3obj/Kirlik14-ILP_p-3_n-30_m-15_ins-7.raw,Kirlik14-ILP_p-3_n-30_m-15_ins-7.raw,Kirlik14-ILP_p-3_n-30_m-15_ins-7,ILP,30,15,3,0.3,0.8377777777777777,-87,100,0,30,0,100
../MOrepo-Kirlik14/instances/raw/3obj/Kirlik14-ILP_p-3_n-30_m-15_ins-8.raw,Kirlik14-ILP_p-3_n-30_m-15_ins-8.raw,Kirlik14-ILP_p-3_n-30_m-15_ins-8,ILP,30,15,3,0.23333333333333334,0.7955555555555556,-100,98,0,30,0,100
../MOrepo-Kirlik14/instances/raw/3obj/Kirlik14-ILP_p-3_n-30_m-15_ins-9.raw,Kirlik14-ILP_p-3_n-30_m-15_ins-9.raw,Kirlik14-ILP_p-3_n-30_m-15_ins-9,ILP,30,15,3,0.13333333333333333,0.7866666666666666,-92,99,0,30,0,100
../MOrepo-Kirlik14/instances/raw/3obj/Kirlik14-ILP_p-3_n-40_m-20_ins-1.raw,Kirlik14-ILP_p-3_n-40_m-20_ins-1.raw,Kirlik14-ILP_p-3_n-40_m-20_ins-1,ILP,40,20,3,0.25,0.8175,-96,98,0,40,0,100
../MOrepo-Kirlik14/instances/raw/3obj/Kirlik14-ILP_p-3_n-40_m-20_ins-10.raw,Kirlik14-ILP_p-3_n-40_m-20_ins-10.raw,Kirlik14-ILP_p-3_n-40_m-20_ins-10,ILP,40,20,3,0.2,0.8175,-85,99,0,40,0,100
../MOrepo-Kirlik14/instances/raw/3obj/Kirlik14-ILP_p-3_n-40_m-20_ins-2.raw,Kirlik14-ILP_p-3_n-40_m-20_ins-2.raw,Kirlik14-ILP_p-3_n-40_m-20_ins-2,ILP,40,20,3,0.15,0.79375,-98,100,0,40,0,100
../MOrepo-Kirlik14/instances/raw/3obj/Kirlik14-ILP_p-3_n-40_m-20_ins-3.raw,Kirlik14-ILP_p-3_n-40_m-20_ins-3.raw,Kirlik14-ILP_p-3_n-40_m-20_ins-3,ILP,40,20,3,0.275,0.81625,-91,97,0,40,0,100
../MOrepo-Kirlik14/instances/raw/3obj/Kirlik14-ILP_p-3_n-40_m-20_ins-4.raw,Kirlik14-ILP_p-3_n-40_m-20_ins-4.raw,Kirlik14-ILP_p-3_n-40_m-20_ins-4,ILP,40,20,3,0.275,0.80875,-94,99,0,40,0,100
../MOrepo-Kirlik14/instances/raw/3obj/Kirlik14-ILP_p-3_n-40_m-20_ins-5.raw,Kirlik14-ILP_p-3_n-40_m-20_ins-5.raw,Kirlik14-ILP_p-3_n-40_m-20_ins-5,ILP,40,20,3,0.2,0.8,-98,99,0,40,0,100
../MOrepo-Kirlik14/instances/raw/3obj/Kirlik14-ILP_p-3_n-40_m-20_ins-6.raw,Kirlik14-ILP_p-3_n-40_m-20_ins-6.raw,Kirlik14-ILP_p-3_n-40_m-20_ins-6,ILP,40,20,3,0.225,0.76625,-94,100,0,40,0,100
../MOrepo-Kirlik14/instances/raw/3obj/Kirlik14-ILP_p-3_n-40_m-20_ins-7.raw,Kirlik14-ILP_p-3_n-40_m-20_ins-7.raw,Kirlik14-ILP_p-3_n-40_m-20_ins-7,ILP,40,20,3,0.375,0.8,-100,100,0,40,0,100
../MOrepo-Kirlik14/instances/raw/3obj/Kirlik14-ILP_p-3_n-40_m-20_ins-8.raw,Kirlik14-ILP_p-3_n-40_m-20_ins-8.raw,Kirlik14-ILP_p-3_n-40_m-20_ins-8,ILP,40,20,3,0.175,0.7825,-100,100,0,40,0,100
../MOrepo-Kirlik14/instances/raw/3obj/Kirlik14-ILP_p-3_n-40_m-20_ins-9.raw,Kirlik14-ILP_p-3_n-40_m-20_ins-9.raw,Kirlik14-ILP_p-3_n-40_m-20_ins-9,ILP,40,20,3,0.375,0.79,-100,99,0,40,0,100
../MOrepo-Kirlik14/instances/raw/4obj/Kirlik14-ILP_p-4_n-10_m-5_ins-1.raw,Kirlik14-ILP_p-4_n-10_m-5_ins-1.raw,Kirlik14-ILP_p-4_n-10_m-5_ins-1,ILP,10,5,4,0.6,0.88,-100,97,0,10,0,100
../MOrepo-Kirlik14/instances/raw/4obj/Kirlik14-ILP_p-4_n-10_m-5_ins-10.raw,Kirlik14-ILP_p-4_n-10_m-5_ins-10.raw,Kirlik14-ILP_p-4_n-10_m-5_ins-10,ILP,10,5,4,0.6,0.84,-96,97,0,10,0,100
../MOrepo-Kirlik14/instances/raw/4obj/Kirlik14-ILP_p-4_n-10_m-5_ins-2.raw,Kirlik14-ILP_p-4_n-10_m-5_ins-2.raw,Kirlik14-ILP_p-4_n-10_m-5_ins-2,ILP,10,5,4,0.9,0.78,-89,95,0,10,0,100
../MOrepo-Kirlik14/instances/raw/4obj/Kirlik14-ILP_p-4_n-10_m-5_ins-3.raw,Kirlik14-ILP_p-4_n-10_m-5_ins-3.raw,Kirlik14-ILP_p-4_n-10_m-5_ins-3,ILP,10,5,4,0.7,0.88,-84,99,0,10,0,100
../MOrepo-Kirlik14/instances/raw/4obj/Kirlik14-ILP_p-4_n-10_m-5_ins-4.raw,Kirlik14-ILP_p-4_n-10_m-5_ins-4.raw,Kirlik14-ILP_p-4_n-10_m-5_ins-4,ILP,10,5,4,0.8,0.8,-90,96,0,10,0,100
../MOrepo-Kirlik14/instances/raw/4obj/Kirlik14-ILP_p-4_n-10_m-5_ins-5.raw,Kirlik14-ILP_p-4_n-10_m-5_ins-5.raw,Kirlik14-ILP_p-4_n-10_m-5_ins-5,ILP,10,5,4,0.7,0.86,-96,93,0,10,0,100
../MOrepo-Kirlik14/instances/raw/4obj/Kirlik14-ILP_p-4_n-10_m-5_ins-6.raw,Kirlik14-ILP_p-4_n-10_m-5_ins-6.raw,Kirlik14-ILP_p-4_n-10_m-5_ins-6,ILP,10,5,4,0.9,0.74,-94,100,0,10,0,100
../MOrepo-Kirlik14/instances/raw/4obj/Kirlik14-ILP_p-4_n-10_m-5_ins-7.raw,Kirlik14-ILP_p-4_n-10_m-5_ins-7.raw,Kirlik14-ILP_p-4_n-10_m-5_ins-7,ILP,10,5,4,0.7,0.72,-78,96,0,10,0,100
../MOrepo-Kirlik14/instances/raw/4obj/Kirlik14-ILP_p-4_n-10_m-5_ins-8.raw,Kirlik14-ILP_p-4_n-10_m-5_ins-8.raw,Kirlik14-ILP_p-4_n-10_m-5_ins-8,ILP,10,5,4,0.6,0.76,-96,99,0,10,0,100
../MOrepo-Kirlik14/instances/raw/4obj/Kirlik14-ILP_p-4_n-10_m-5_ins-9.raw,Kirlik14-ILP_p-4_n-10_m-5_ins-9.raw,Kirlik14-ILP_p-4_n-10_m-5_ins-9,ILP,10,5,4,0.9,0.86,-82,89,0,10,0,100
../MOrepo-Kirlik14/instances/raw/4obj/Kirlik14-ILP_p-4_n-20_m-10_ins-1.raw,Kirlik14-ILP_p-4_n-20_m-10_ins-1.raw,Kirlik14-ILP_p-4_n-20_m-10_ins-1,ILP,20,10,4,0.7,0.82,-94,100,0,20,0,100
../MOrepo-Kirlik14/instances/raw/4obj/Kirlik14-ILP_p-4_n-20_m-10_ins-10.raw,Kirlik14-ILP_p-4_n-20_m-10_ins-10.raw,Kirlik14-ILP_p-4_n-20_m-10_ins-10,ILP,20,10,4,0.5,0.83,-100,100,0,20,0,100
../MOrepo-Kirlik14/instances/raw/4obj/Kirlik14-ILP_p-4_n-20_m-10_ins-2.raw,Kirlik14-ILP_p-4_n-20_m-10_ins-2.raw,Kirlik14-ILP_p-4_n-20_m-10_ins-2,ILP,20,10,4,0.55,0.845,-98,99,0,20,0,100
../MOrepo-Kirlik14/instances/raw/4obj/Kirlik14-ILP_p-4_n-20_m-10_ins-3.raw,Kirlik14-ILP_p-4_n-20_m-10_ins-3.raw,Kirlik14-ILP_p-4_n-20_m-10_ins-3,ILP,20,10,4,0.45,0.835,-96,98,0,20,0,100
../MOrepo-Kirlik14/instances/raw/4obj/Kirlik14-ILP_p-4_n-20_m-10_ins-4.raw,Kirlik14-ILP_p-4_n-20_m-10_ins-4.raw,Kirlik14-ILP_p-4_n-20_m-10_ins-4,ILP,20,10,4,0.45,0.81,-99,100,0,20,0,100
../MOrepo-Kirlik14/instances/raw/4obj/Kirlik14-ILP_p-4_n-20_m-10_ins-5.raw,Kirlik14-ILP_p-4_n-20_m-10_ins-5.raw,Kirlik14-ILP_p-4_n-20_m-10_ins-5,ILP,20,10,4,0.55,0.81,-100,96,0,20,0,100
../MOrepo-Kirlik14/instances/raw/4obj/Kirlik14-ILP_p-4_n-20_m-10_ins-6.raw,Kirlik14-ILP_p-4_n-20_m-10_ins-6.raw,Kirlik14-ILP_p-4_n-20_m-10_ins-6,ILP,20,10,4,0.45,0.855,-98,100,0,20,0,100
../MOrepo-Kirlik14/instances/raw/4obj/Kirlik14-ILP_p-4_n-20_m-10_ins-7.raw,Kirlik14-ILP_p-4_n-20_m-10_ins-7.raw,Kirlik14-ILP_p-4_n-20_m-10_ins-7,ILP,20,10,4,0.65,0.795,-96,100,0,20,0,100
../MOrepo-Kirlik14/instances/raw/4obj/Kirlik14-ILP_p-4_n-20_m-10_ins-8.raw,Kirlik14-ILP_p-4_n-20_m-10_ins-8.raw,Kirlik14-ILP_p-4_n-20_m-10_ins-8,ILP,20,10,4,0.6,0.845,-97,100,0,20,0,100
../MOrepo-Kirlik14/instances/raw/4obj/Kirlik14-ILP_p-4_n-20_m-10_ins-9.raw,Kirlik14-ILP_p-4_n-20_m-10_ins-9.raw,Kirlik14-ILP_p-4_n-20_m-10_ins-9,ILP,20,10,4,0.5,0.78,-91,96,0,20,0,100
../MOrepo-Kirlik14/instances/raw/4obj/Kirlik14-ILP_p-4_n-30_m-15_ins-1.raw,Kirlik14-ILP_p-4_n-30_m-15_ins-1.raw,Kirlik14-ILP_p-4_n-30_m-15_ins-1,ILP,30,15,4,0.6666666666666666,0.7933333333333333,-100,100,0,30,0,100
../MOrepo-Kirlik14/instances/raw/4obj/Kirlik14-ILP_p-4_n-30_m-15_ins-10.raw,Kirlik14-ILP_p-4_n-30_m-15_ins-10.raw,Kirlik14-ILP_p-4_n-30_m-15_ins-10,ILP,30,15,4,0.43333333333333335,0.7688888888888888,-99,99,0,30,0,100
../MOrepo-Kirlik14/instances/raw/4obj/Kirlik14-ILP_p-4_n-30_m-15_ins-2.raw,Kirlik14-ILP_p-4_n-30_m-15_ins-2.raw,Kirlik14-ILP_p-4_n-30_m-15_ins-2,ILP,30,15,4,0.26666666666666666,0.7955555555555556,-100,100,0,30,0,100
../MOrepo-Kirlik14/instances/raw/4obj/Kirlik14-ILP_p-4_n-30_m-15_ins-3.raw,Kirlik14-ILP_p-4_n-30_m-15_ins-3.raw,Kirlik14-ILP_p-4_n-30_m-15_ins-3,ILP,30,15,4,0.6333333333333333,0.7933333333333333,-100,100,0,30,0,100
../MOrepo-Kirlik14/instances/raw/4obj/Kirlik14-ILP_p-4_n-30_m-15_ins-4.raw,Kirlik14-ILP_p-4_n-30_m-15_ins-4.raw,Kirlik14-ILP_p-4_n-30_m-15_ins-4,ILP,30,15,4,0.26666666666666666,0.8044444444444444,-91,97,0,30,0,100
../MOrepo-Kirlik14/instances/raw/4obj/Kirlik14-ILP_p-4_n-30_m-15_ins-5.raw,Kirlik14-ILP_p-4_n-30_m-15_ins-5.raw,Kirlik14-ILP_p-4_n-30_m-15_ins-5,ILP,30,15,4,0.23333333333333334,0.8244444444444444,-96,100,0,30,0,100
../MOrepo-Kirlik14/instances/raw/4obj/Kirlik14-ILP_p-4_n-30_m-15_ins-6.raw,Kirlik14-ILP_p-4_n-30_m-15_ins-6.raw,Kirlik14-ILP_p-4_n-30_m-15_ins-6,ILP,30,15,4,0.3,0.7955555555555556,-100,100,0,30,0,100
../MOrepo-Kirlik14/instances/raw/4obj/Kirlik14-ILP_p-4_n-30_m-15_ins-7.raw,Kirlik14-ILP_p-4_n-30_m-15_ins-7.raw,Kirlik14-ILP_p-4_n-30_m-15_ins-7,ILP,30,15,4,0.4666666666666667,0.8088888888888889,-98,97,0,30,0,100
../MOrepo-Kirlik14/instances/raw/4obj/Kirlik14-ILP_p-4_n-30_m-15_ins-8.raw,Kirlik14-ILP_p-4_n-30_m-15_ins-8.raw,Kirlik14-ILP_p-4_n-30_m-15_ins-8,ILP,30,15,4,0.3,0.7533333333333333,-94,100,0,30,0,100
../MOrepo-Kirlik14/instances/raw/4obj/Kirlik14-ILP_p-4_n-30_m-15_ins-9.raw,Kirlik14-ILP_p-4_n-30_m-15_ins-9.raw,Kirlik14-ILP_p-4_n-30_m-15_ins-9,ILP,30,15,4,0.4666666666666667,0.7977777777777778,-94,99,0,30,0,100
../MOrepo-Kirlik14/instances/raw/5obj/Kirlik14-ILP_p-5_n-10_m-5_ins-1.raw,Kirlik14-ILP_p-5_n-10_m-5_ins-1.raw,Kirlik14-ILP_p-5_n-10_m-5_ins-1,ILP,10,5,5,0.9,0.72,-81,100,0,10,0,100
../MOrepo-Kirlik14/instances/raw/5obj/Kirlik14-ILP_p-5_n-10_m-5_ins-10.raw,Kirlik14-ILP_p-5_n-10_m-5_ins-10.raw,Kirlik14-ILP_p-5_n-10_m-5_ins-10,ILP,10,5,5,0.9,0.76,-83,86,0,10,0,100
../MOrepo-Kirlik14/instances/raw/5obj/Kirlik14-ILP_p-5_n-10_m-5_ins-2.raw,Kirlik14-ILP_p-5_n-10_m-5_ins-2.raw,Kirlik14-ILP_p-5_n-10_m-5_ins-2,ILP,10,5,5,0.5,0.72,-92,99,0,10,0,100
../MOrepo-Kirlik14/instances/raw/5obj/Kirlik14-ILP_p-5_n-10_m-5_ins-3.raw,Kirlik14-ILP_p-5_n-10_m-5_ins-3.raw,Kirlik14-ILP_p-5_n-10_m-5_ins-3,ILP,10,5,5,0.9,0.82,-98,95,0,10,0,100
../MOrepo-Kirlik14/instances/raw/5obj/Kirlik14-ILP_p-5_n-10_m-5_ins-4.raw,Kirlik14-ILP_p-5_n-10_m-5_ins-4.raw,Kirlik14-ILP_p-5_n-10_m-5_ins-4,ILP,10,5,5,0.9,0.74,-96,97,0,10,0,100
../MOrepo-Kirlik14/instances/raw/5obj/Kirlik14-ILP_p-5_n-10_m-5_ins-5.raw,Kirlik14-ILP_p-5_n-10_m-5_ins-5.raw,Kirlik14-ILP_p-5_n-10_m-5_ins-5,ILP,10,5,5,0.9,0.82,-98,100,0,10,0,100
../MOrepo-Kirlik14/instances/raw/5obj/Kirlik14-ILP_p-5_n-10_m-5_ins-6.raw,Kirlik14-ILP_p-5_n-10_m-5_ins-6.raw,Kirlik14-ILP_p-5_n-10_m-5_ins-6,ILP,10,5,5,0.7,0.76,-54,100,0,10,0,100
../MOrepo-Kirlik14/instances/raw/5obj/Kirlik14-ILP_p-5_n-10_m-5_ins-7.raw,Kirlik14-ILP_p-5_n-10_m-5_ins-7.raw,Kirlik14-ILP_p-5_n-10_m-5_ins-7,ILP,10,5,5,0.9,0.8,-92,97,0,10,0,100
../MOrepo-Kirlik14/instances/raw/5obj/Kirlik14-ILP_p-5_n-10_m-5_ins-8.raw,Kirlik14-ILP_p-5_n-10_m-5_ins-8.raw,Kirlik14-ILP_p-5_n-10_m-5_ins-8,ILP,10,5,5,0.7,0.74,-96,97,0,10,0,100
../MOrepo-Kirlik14/instances/raw/5obj/Kirlik14-ILP_p-5_n-10_m-5_ins-9.raw,Kirlik14-ILP_p-5_n-10_m-5_ins-9.raw,Kirlik14-ILP_p-5_n-10_m-5_ins-9,ILP,10,5,5,0.8,0.78,-46,100,0,10,0,100
../MOrepo-Kirlik14/instances/raw/5obj/Kirlik14-ILP_p-5_n-20_m-10_ins-1.raw,Kirlik14-ILP_p-5_n-20_m-10_ins-1.raw,Kirlik14-ILP_p-5_n-20_m-10_ins-1,ILP,20,10,5,0.9,0.75,-96,98,0,20,0,100
../MOrepo-Kirlik14/instances/raw/5obj/Kirlik14-ILP_p-5_n-20_m-10_ins-10.raw,Kirlik14-ILP_p-5_n-20_m-10_ins-10.raw,Kirlik14-ILP_p-5_n-20_m-10_ins-10,ILP,20,10,5,0.95,0.805,-94,99,0,20,0,100
../MOrepo-Kirlik14/instances/raw/5obj/Kirlik14-ILP_p-5_n-20_m-10_ins-2.raw,Kirlik14-ILP_p-5_n-20_m-10_ins-2.raw,Kirlik14-ILP_p-5_n-20_m-10_ins-2,ILP,20,10,5,0.75,0.815,-96,98,0,20,0,100
../MOrepo-Kirlik14/instances/raw/5obj/Kirlik14-ILP_p-5_n-20_m-10_ins-3.raw,Kirlik14-ILP_p-5_n-20_m-10_ins-3.raw,Kirlik14-ILP_p-5_n-20_m-10_ins-3,ILP,20,10,5,0.8,0.79,-97,100,0,20,0,100
../MOrepo-Kirlik14/instances/raw/5obj/Kirlik14-ILP_p-5_n-20_m-10_ins-4.raw,Kirlik14-ILP_p-5_n-20_m-10_ins-4.raw,Kirlik14-ILP_p-5_n-20_m-10_ins-4,ILP,20,10,5,0.7,0.805,-100,96,0,20,0,100
../MOrepo-Kirlik14/instances/raw/5obj/Kirlik14-ILP_p-5_n-20_m-10_ins-5.raw,Kirlik14-ILP_p-5_n-20_m-10_ins-5.raw,Kirlik14-ILP_p-5_n-20_m-10_ins-5,ILP,20,10,5,0.6,0.83,-100,100,0,20,0,100
../MOrepo-Kirlik14/instances/raw/5obj/Kirlik14-ILP_p-5_n-20_m-10_ins-6.raw,Kirlik14-ILP_p-5_n-20_m-10_ins-6.raw,Kirlik14-ILP_p-5_n-20_m-10_ins-6,ILP,20,10,5,0.55,0.79,-99,100,0,20,0,100
../MOrepo-Kirlik14/instances/raw/5obj/Kirlik14-ILP_p-5_n-20_m-10_ins-7.raw,Kirlik14-ILP_p-5_n-20_m-10_ins-7.raw,Kirlik14-ILP_p-5_n-20_m-10_ins-7,ILP,20,10,5,0.8,0.73,-94,100,0,20,0,100
../MOrepo-Kirlik14/instances/raw/5obj/Kirlik14-ILP_p-5_n-20_m-10_ins-8.raw,Kirlik14-ILP_p-5_n-20_m-10_ins-8.raw,Kirlik14-ILP_p-5_n-20_m-10_ins-8,ILP,20,10,5,0.65,0.84,-100,100,0,20,0,100
../MOrepo-Kirlik14/instances/raw/5obj/Kirlik14-ILP_p-5_n-20_m-10_ins-9.raw,Kirlik14-ILP_p-5_n-20_m-10_ins-9.raw,Kirlik14-ILP_p-5_n-20_m-10_ins-9,ILP,20,10,5,0.75,0.82,-96,100,0,20,0,100
