instance,p,n,configLB,configNodeSel,configOB,configValSplit,solved,YN,cpuTotal,nbLpSolved,cpuInitialization,cpuCplex,cpuUpdatePolyhedron,nbNodes,minDepth,maxDepth,avgDepth,nbFathomedInfeas,nbFathomedOptimality,nbFathomedDominance,cpuDominanceTest,cpuUbUpdate,cpuLbComputation,cpuComputeOb,cpuVarSel,cpuNodeSel,cpuLbCopy
Forget21-PPP_10_3_1-100_1-100_1-2500_1_50_random_10_10.txt,3,30,WLP,breadth,noOB,mofvRevisited2,1,797,3.26094,18560,0.0005729,2.6105,0.108922,4559,1,38,24.7868,213,1048,1019,0.0963049,0.0255504,3.03842,0.0005822,0.0630321,0.0007272,0.0478767
Forget21-PPP_10_3_1-100_1-100_1-2500_1_50_random_1_1.txt,3,30,WLP,breadth,noOB,mofvRevisited2,1,94,0.612115,3470,0.0007112,0.528007,0.028227,419,1,29,13.6905,17,51,142,0.0024755,0.001447,0.589667,5.5e-05,0.0075237,6.46e-05,0.0061052
Forget21-PPP_10_3_1-100_1-100_1-2500_1_50_random_2_2.txt,3,30,WLP,breadth,noOB,mofvRevisited2,1,150,0.680134,3579,0.0013932,0.576603,0.0320346,535,1,33,16.4701,5,159,104,0.0043587,0.0024728,0.65564,7.51e-05,0.0100716,0.0001081,0.0080401
Forget21-PPP_10_3_1-100_1-100_1-2500_1_50_random_3_3.txt,3,30,WLP,breadth,noOB,mofvRevisited2,1,328,1.94117,11524,0.000853,1.61156,0.0740233,2421,1,41,23.0091,262,253,696,0.0244052,0.0073759,1.85278,0.0003529,0.0339552,0.0003232,0.0267349
Forget21-PPP_10_3_1-100_1-100_1-2500_1_50_random_4_4.txt,3,30,WLP,breadth,noOB,mofvRevisited2,1,412,1.3443,6878,0.0005701,1.10275,0.0480782,1557,1,34,22.4968,100,445,234,0.0238395,0.0085176,1.27185,0.0002284,0.0233023,0.0002769,0.0179149
Forget21-PPP_10_3_1-100_1-100_1-2500_1_50_random_5_5.txt,3,30,WLP,breadth,noOB,mofvRevisited2,1,418,1.25109,8008,0.0005837,1.02665,0.0516578,1671,1,43,24.9486,71,506,259,0.0172896,0.0058874,1.18985,0.0002053,0.0222944,0.0001892,0.0174099
Forget21-PPP_10_3_1-100_1-100_1-2500_1_50_random_6_6.txt,3,30,WLP,breadth,noOB,mofvRevisited2,1,1232,7.53516,45685,0.0006356,5.64465,0.251728,13331,1,50,31.261,1609,2058,2999,0.432064,0.0638826,6.76774,0.0021432,0.169564,0.0020391,0.131062
Forget21-PPP_10_3_1-100_1-100_1-2500_1_50_random_7_7.txt,3,30,WLP,breadth,noOB,mofvRevisited2,1,176,0.997453,6277,0.0005813,0.829625,0.0422142,1221,1,36,21.581,73,248,290,0.0071713,0.0038992,0.956648,0.0001276,0.017285,0.0001565,0.0136654
Forget21-PPP_10_3_1-100_1-100_1-2500_1_50_random_8_8.txt,3,30,WLP,breadth,noOB,mofvRevisited2,1,2136,6.7911,38943,0.0006831,5.07723,0.20028,11387,1,47,26.516,941,2727,2026,0.484735,0.0846216,6.00229,0.001779,0.14074,0.0017298,0.106148
Forget21-PPP_10_3_1-100_1-100_1-2500_1_50_random_9_9.txt,3,30,WLP,breadth,noOB,mofvRevisited2,1,203,1.18214,7201,0.0005823,1.00182,0.0452406,1401,1,38,21.7389,102,287,312,0.0057033,0.0035129,1.14104,0.0001566,0.0184649,0.0001727,0.014521
Forget21-PPP_10_5_1-100_1-100_1-2500_1_50_random_10_10.txt,5,30,WLP,breadth,noOB,mofvRevisited2,1,554,7.00007,27190,0.0008479,3.62927,0.886806,4191,1,42,24.3583,560,717,819,1.97666,0.0217428,4.82124,0.0009975,0.114703,0.0009466,0.1015
Forget21-PPP_10_5_1-100_1-100_1-2500_1_50_random_1_1.txt,5,30,WLP,breadth,noOB,mofvRevisited2,1,561,2.56935,13490,0.0008265,1.68699,0.267696,2333,1,36,22.4996,157,645,365,0.360712,0.0112302,2.1188,0.0004385,0.0488412,0.0004151,0.0418876
Forget21-PPP_10_5_1-100_1-100_1-2500_1_50_random_2_2.txt,5,30,WLP,breadth,noOB,mofvRevisited2,1,1393,20.6508,55975,0.0008673,7.33889,1.2073,9845,1,45,24.2375,1001,1478,2444,10.8327,0.101791,9.28526,0.0034822,0.270204,0.0026443,0.232787
Forget21-PPP_10_5_1-100_1-100_1-2500_1_50_random_3_3.txt,5,30,WLP,breadth,noOB,mofvRevisited2,1,61,1.5374,7130,0.0008866,1.08547,0.382512,347,1,20,11.4195,1,73,100,0.005873,0.0014791,1.50203,4.85e-05,0.0167409,6.39e-05,0.0154141
Forget21-PPP_10_5_1-100_1-100_1-2500_1_50_random_4_4.txt,5,30,WLP,breadth,noOB,mofvRevisited2,1,8592,973.619,339362,0.0008898,46.277,8.00425,69333,1,60,33.5092,7395,12186,15086,905.605,4.80143,59.9087,0.0586409,2.00557,0.0199636,1.66026
Forget21-PPP_10_5_1-100_1-100_1-2500_1_50_random_5_5.txt,5,30,WLP,breadth,noOB,mofvRevisited2,1,776,8.76927,42445,0.0009055,5.8685,1.24908,6967,1,41,23.5766,681,1190,1613,0.856882,0.0384621,7.60995,0.0011741,0.169956,0.0013826,0.148049
Forget21-PPP_10_5_1-100_1-100_1-2500_1_50_random_8_8.txt,5,30,WLP,breadth,noOB,mofvRevisited2,1,367,3.23348,17490,0.000969,2.38668,0.43939,2241,1,34,18.8483,173,314,634,0.145554,0.0094722,2.98779,0.0003812,0.0556802,0.0004075,0.0485345
Forget21-PPP_10_5_1-100_1-100_1-2500_1_50_random_9_9.txt,5,30,WLP,breadth,noOB,mofvRevisited2,1,2184,24.7905,63151,0.000862,8.41539,1.75158,10793,1,46,24.5811,981,2304,2112,13.1307,0.18606,10.9818,0.005156,0.316027,0.0031386,0.272581
Forget21-PPP_11_3_1-100_1-100_1-2500_1_50_random_10_10.txt,3,33,WLP,breadth,noOB,mofvRevisited2,1,1118,7.2477,38187,0.0006076,5.71786,0.389647,8723,1,45,30.0131,278,1823,2261,0.269368,0.0435495,6.75672,0.0012291,0.115294,0.0012754,0.0888567
Forget21-PPP_11_3_1-100_1-100_1-2500_1_50_random_1_1.txt,3,33,WLP,breadth,noOB,mofvRevisited2,1,657,2.8958,18029,0.0005975,2.35269,0.113993,3713,1,38,22.6796,235,913,709,0.0573715,0.0168139,2.74142,0.0005378,0.0504436,0.0005092,0.0394484
Forget21-PPP_11_3_1-100_1-100_1-2500_1_50_random_2_2.txt,3,33,WLP,breadth,noOB,mofvRevisited2,1,404,3.23066,20633,0.0007075,2.63225,0.12848,4295,1,42,25.0345,391,631,1126,0.0461795,0.0143795,3.07436,0.0005243,0.059029,0.0005945,0.0462504
Forget21-PPP_11_3_1-100_1-100_1-2500_1_50_random_3_3.txt,3,33,WLP,breadth,noOB,mofvRevisited2,1,436,2.90904,18723,0.000575,2.37551,0.117256,3829,1,43,21.2684,342,551,1022,0.0444857,0.013473,2.77056,0.0004857,0.0506096,0.0005292,0.0395583
Forget21-PPP_11_3_1-100_1-100_1-2500_1_50_random_4_4.txt,3,33,WLP,breadth,noOB,mofvRevisited2,1,2478,9.77724,54976,0.0006317,6.95509,0.510362,15895,1,48,29.0517,1670,3203,3075,0.768047,0.114505,8.58601,0.0025263,0.192657,0.0023286,0.147625
Forget21-PPP_11_3_1-100_1-100_1-2500_1_50_random_5_5.txt,3,33,WLP,breadth,noOB,mofvRevisited2,1,474,1.98128,13015,0.0006302,1.55126,0.0739348,3233,1,42,26.5337,288,569,760,0.0450729,0.0110262,1.86127,0.0004778,0.0391632,0.0003884,0.030254
Forget21-PPP_11_3_1-100_1-100_1-2500_1_50_random_6_6.txt,3,33,WLP,breadth,noOB,mofvRevisited2,1,958,4.52212,24398,0.0006219,3.53523,0.232843,6653,1,42,28.7932,566,1424,1337,0.123335,0.0308931,4.23612,0.0008934,0.0829159,0.000913,0.0635924
Forget21-PPP_11_3_1-100_1-100_1-2500_1_50_random_7_7.txt,3,33,WLP,breadth,noOB,mofvRevisited2,1,824,5.08209,32437,0.0005857,3.99977,0.192227,7767,1,53,29.5381,810,1218,1856,0.148919,0.0304322,4.74274,0.00108,0.100035,0.0010232,0.077849
Forget21-PPP_11_3_1-100_1-100_1-2500_1_50_random_8_8.txt,3,33,WLP,breadth,noOB,mofvRevisited2,1,153,1.20769,7953,0.0006301,0.993736,0.0474911,1629,1,42,22.2982,213,211,391,0.0062018,0.0036534,1.16059,0.0001998,0.0207197,0.0002037,0.016158
Forget21-PPP_11_3_1-100_1-100_1-2500_1_50_random_9_9.txt,3,33,WLP,breadth,noOB,mofvRevisited2,1,3336,8.2702,47542,0.0005866,5.79323,0.253393,12771,1,50,28.4226,518,3625,2243,0.887941,0.157686,6.97076,0.0019833,0.164157,0.0019984,0.125804
Forget21-PPP_11_4_1-100_1-100_1-2500_1_50_random_10_10.txt,4,33,WLP,breadth,noOB,mofvRevisited2,1,12841,493.914,546032,0.0176874,80.5681,5.64428,121217,1,65,37.5119,12162,15856,32591,384.155,8.43115,96.7317,0.0834516,2.6912,0.0280219,2.12039
Forget21-PPP_11_4_1-100_1-100_1-2500_1_50_random_1_1.txt,4,33,WLP,breadth,noOB,mofvRevisited2,1,6136,111.219,198761,0.0007859,28.0865,2.25375,46603,1,54,32.3976,4609,8880,9813,73.7541,1.77485,34.0872,0.0192153,0.966458,0.0121069,0.78847
Forget21-PPP_11_4_1-100_1-100_1-2500_1_50_random_2_2.txt,4,33,WLP,breadth,noOB,mofvRevisited2,1,1185,6.19472,31295,0.0008765,4.50394,0.391128,6089,1,48,27.3057,418,1450,1177,0.624059,0.0402873,5.35084,0.0011184,0.115805,0.0010614,0.0969619
Forget21-PPP_11_4_1-100_1-100_1-2500_1_50_random_3_3.txt,4,33,WLP,breadth,noOB,mofvRevisited2,1,297,2.67717,14755,0.0007805,2.21301,0.226335,1737,1,28,16.313,27,403,439,0.0356316,0.0071327,2.57858,0.000241,0.0363351,0.0002783,0.0308432
Forget21-PPP_11_4_1-100_1-100_1-2500_1_50_random_4_4.txt,4,33,WLP,breadth,noOB,mofvRevisited2,1,7507,159.571,325329,0.0008108,46.8615,3.61178,66289,1,59,36.2219,5312,6323,21510,98.3089,2.7432,56.0487,0.0260094,1.46188,0.0170984,1.18949
Forget21-PPP_11_4_1-100_1-100_1-2500_1_50_random_5_5.txt,4,33,WLP,breadth,noOB,mofvRevisited2,1,1294,14.4078,66107,0.0007624,9.37276,0.704245,13457,1,45,26.4947,1418,1736,3575,2.78997,0.101681,11.1199,0.0026924,0.250118,0.0028333,0.206218
Forget21-PPP_11_4_1-100_1-100_1-2500_1_50_random_6_6.txt,4,33,WLP,breadth,noOB,mofvRevisited2,1,45,1.42781,7681,0.0007674,1.22545,0.119045,579,1,28,11.7345,11,74,205,0.0030981,0.0019039,1.39724,8.1e-05,0.0150018,0.0001025,0.0132264
Forget21-PPP_11_4_1-100_1-100_1-2500_1_50_random_7_7.txt,4,33,WLP,breadth,noOB,mofvRevisited2,1,4038,72.9363,226928,0.0007663,33.1205,2.55578,44697,1,62,30.4564,3832,5199,13318,31.3484,0.798732,39.2212,0.0129599,0.957377,0.0115137,0.791761
Forget21-PPP_11_4_1-100_1-100_1-2500_1_50_random_8_8.txt,4,33,WLP,breadth,noOB,mofvRevisited2,1,1053,12.0467,55590,0.0007681,7.67597,0.610429,11405,1,45,27.0279,726,1769,3208,2.49225,0.07755,9.14633,0.0021419,0.214681,0.0023297,0.178285
Forget21-PPP_5_5_1-100_1-100_1-2500_1_50_random_10_10.txt,5,15,WLP,breadth,noOB,mofvRevisited2,1,504,1.66557,9662,0.0008742,1.22047,0.124055,2241,1,26,16.1079,76,787,258,0.159827,0.0098902,1.42362,0.0003733,0.0448825,0.0003662,0.0389912
Forget21-PPP_5_5_1-100_1-100_1-2500_1_50_random_1_1.txt,5,15,WLP,breadth,noOB,mofvRevisited2,1,176,0.525764,3198,0.000831,0.398217,0.0500228,723,1,24,15.4144,52,232,78,0.0206946,0.0020306,0.474953,0.0001211,0.0173618,0.0001111,0.0148714
Forget21-PPP_5_5_1-100_1-100_1-2500_1_50_random_2_2.txt,5,15,WLP,breadth,noOB,mofvRevisited2,1,241,1.17558,6415,0.0008028,0.811505,0.107221,1387,1,27,16.1556,74,335,285,0.15491,0.0042717,0.969322,0.0002111,0.0290106,0.0002284,0.0252098
Forget21-PPP_5_5_1-100_1-100_1-2500_1_50_random_3_3.txt,5,15,WLP,breadth,noOB,mofvRevisited2,1,95,0.331792,1450,0.0008198,0.249272,0.0347344,273,1,18,12.5912,7,113,17,0.0121274,0.0012808,0.301078,5.31e-05,0.0088513,7.3e-05,0.0077896
Forget21-PPP_5_5_1-100_1-100_1-2500_1_50_random_4_4.txt,5,15,WLP,breadth,noOB,mofvRevisited2,1,474,1.60504,6554,0.0012046,1.0432,0.150627,1423,1,29,19.6081,19,570,123,0.237454,0.0173809,1.27637,0.000459,0.0485136,0.0004402,0.0419508
Forget21-PPP_5_5_1-100_1-100_1-2500_1_50_random_5_5.txt,5,15,WLP,breadth,noOB,mofvRevisited2,1,259,0.793673,4319,0.0011164,0.580475,0.0716579,993,1,27,15.996,63,321,113,0.0551582,0.0044088,0.693766,0.0001963,0.0229203,0.0001797,0.0200132
Forget21-PPP_5_5_1-100_1-100_1-2500_1_50_random_6_6.txt,5,15,WLP,breadth,noOB,mofvRevisited2,1,79,0.248951,1266,0.0165688,0.176058,0.0234766,199,1,21,13.5,5,81,14,0.0023518,0.000832,0.23298,2.91e-05,0.0047028,4.65e-05,0.0040614
Forget21-PPP_5_5_1-100_1-100_1-2500_1_50_random_7_7.txt,5,15,WLP,breadth,noOB,mofvRevisited2,1,259,1.05711,4987,0.0008346,0.698813,0.0986769,1013,1,23,13.6627,4,335,168,0.159122,0.0065905,0.844663,0.0002181,0.0274165,0.0002252,0.0239561
Forget21-PPP_5_5_1-100_1-100_1-2500_1_50_random_8_8.txt,5,15,WLP,breadth,noOB,mofvRevisited2,1,25,0.0973478,513,0.0008822,0.0722764,0.0099883,75,1,17,10.9737,3,26,9,0.0003719,0.0002088,0.0867483,8.8e-06,0.0018497,1.38e-05,0.0016228
Forget21-PPP_5_5_1-100_1-100_1-2500_1_50_random_9_9.txt,5,15,WLP,breadth,noOB,mofvRevisited2,1,347,1.48567,8153,0.0008059,1.04348,0.12171,1697,1,26,16.0177,46,451,352,0.18642,0.0073541,1.23224,0.0003434,0.0375723,0.0003266,0.0321993
Forget21-PPP_6_5_1-100_1-100_1-2500_1_50_random_10_10.txt,5,18,WLP,breadth,noOB,mofvRevisited2,1,203,1.06454,6183,0.0008321,0.77195,0.11309,1265,1,28,16.1501,97,290,246,0.0665473,0.004019,0.944209,0.0002194,0.0284824,0.000239,0.0250692
Forget21-PPP_6_5_1-100_1-100_1-2500_1_50_random_1_1.txt,5,18,WLP,breadth,noOB,mofvRevisited2,1,38,0.232887,1107,0.0007788,0.172971,0.0368132,139,1,19,11.8429,7,44,19,0.0021808,0.0004831,0.219237,2.49e-05,0.0051219,3.12e-05,0.0046178
Forget21-PPP_6_5_1-100_1-100_1-2500_1_50_random_2_2.txt,5,18,WLP,breadth,noOB,mofvRevisited2,1,210,0.619151,3410,0.0007946,0.446741,0.0679039,653,1,34,18.8838,18,221,88,0.0354717,0.0032427,0.548756,0.0001195,0.0164411,0.0001312,0.0143531
Forget21-PPP_6_5_1-100_1-100_1-2500_1_50_random_3_3.txt,5,18,WLP,breadth,noOB,mofvRevisited2,1,1534,9.11852,38234,0.0007849,4.42083,0.612193,8001,1,40,23.5721,250,2218,1533,3.36383,0.0849372,5.38648,0.0017634,0.184163,0.0018235,0.160727
Forget21-PPP_6_5_1-100_1-100_1-2500_1_50_random_4_4.txt,5,18,WLP,breadth,noOB,mofvRevisited2,1,143,0.846351,4953,0.0012068,0.628112,0.0978202,1067,1,27,17.5637,110,248,176,0.0240317,0.0027707,0.776372,0.0001629,0.024189,0.0001832,0.0211983
Forget21-PPP_6_5_1-100_1-100_1-2500_1_50_random_5_5.txt,5,18,WLP,breadth,noOB,mofvRevisited2,1,567,2.82211,12002,0.0008278,1.38559,0.194462,2635,1,36,20.7549,88,900,330,1.00869,0.0177591,1.69848,0.0006232,0.0629627,0.0005287,0.0547642
Forget21-PPP_6_5_1-100_1-100_1-2500_1_50_random_6_6.txt,5,18,WLP,breadth,noOB,mofvRevisited2,1,1811,31.9262,91027,0.000771,10.5516,1.19952,19353,1,42,26.2032,181,4041,5455,18.388,0.188792,12.6589,0.0066301,0.430958,0.0049472,0.367976
Forget21-PPP_6_5_1-100_1-100_1-2500_1_50_random_7_7.txt,5,18,WLP,breadth,noOB,mofvRevisited2,1,25,0.187477,1009,0.0007941,0.142155,0.0256548,119,1,21,10.9667,5,31,24,0.0013397,0.0004097,0.176397,2.42e-05,0.0037528,2.62e-05,0.0032789
Forget21-PPP_6_5_1-100_1-100_1-2500_1_50_random_8_8.txt,5,18,WLP,breadth,noOB,mofvRevisited2,1,997,4.32606,20446,0.0007891,2.45457,0.340269,4581,1,35,20.1397,242,1287,762,1.12884,0.0360257,2.99844,0.0010288,0.106889,0.0010513,0.0931751
Forget21-PPP_6_5_1-100_1-100_1-2500_1_50_random_9_9.txt,5,18,WLP,breadth,noOB,mofvRevisited2,1,370,3.232,15600,0.00077,1.8052,0.321562,3083,1,33,20.5298,190,648,704,0.846219,0.0136247,2.25932,0.0005959,0.0713296,0.0006136,0.062888
Forget21-PPP_7_4_1-100_1-100_1-2500_1_50_random_10_10.txt,4,21,WLP,breadth,noOB,mofvRevisited2,1,188,0.664246,4030,0.0007492,0.536897,0.0461293,823,1,28,17.8155,38,219,155,0.0142925,0.0022812,0.623054,0.0001146,0.0146213,0.0001044,0.0124131
Forget21-PPP_7_4_1-100_1-100_1-2500_1_50_random_1_1.txt,4,21,WLP,breadth,noOB,mofvRevisited2,1,15,0.238363,1080,0.0007018,0.194126,0.0170152,181,1,21,12.2527,11,42,38,0.0006465,0.0005173,0.225923,3.19e-05,0.0038881,5.02e-05,0.003193
Forget21-PPP_7_4_1-100_1-100_1-2500_1_50_random_2_2.txt,4,21,WLP,breadth,noOB,mofvRevisited2,1,97,0.404322,2183,0.0007309,0.322182,0.0287533,451,1,27,15.885,32,117,77,0.0070544,0.0016563,0.378539,7.24e-05,0.0089549,9.72e-05,0.0075702
Forget21-PPP_7_4_1-100_1-100_1-2500_1_50_random_3_3.txt,4,21,WLP,breadth,noOB,mofvRevisited2,1,75,0.278728,1427,0.0007835,0.224786,0.0210175,239,1,21,13.0417,4,88,28,0.0020964,0.001027,0.263071,4.97e-05,0.0066663,6.08e-05,0.0056076
Forget21-PPP_7_4_1-100_1-100_1-2500_1_50_random_4_4.txt,4,21,WLP,breadth,noOB,mofvRevisited2,1,150,0.549716,3215,0.0007351,0.449269,0.0371053,649,1,22,14.3292,30,222,73,0.0088188,0.0018571,0.518652,9.02e-05,0.0114764,8.12e-05,0.0097747
Forget21-PPP_7_4_1-100_1-100_1-2500_1_50_random_5_5.txt,4,21,WLP,breadth,noOB,mofvRevisited2,1,860,4.2945,23975,0.0006894,2.91214,0.233993,5499,1,41,23.6869,141,1167,1442,0.678276,0.0377797,3.42235,0.0010038,0.0988431,0.0010022,0.0826376
Forget21-PPP_7_4_1-100_1-100_1-2500_1_50_random_6_6.txt,4,21,WLP,breadth,noOB,mofvRevisited2,1,154,0.41667,2532,0.0006853,0.334207,0.0268778,539,1,29,18.3222,34,156,80,0.0068686,0.0015066,0.388821,7.76e-05,0.0103117,8.61e-05,0.0088729
Forget21-PPP_7_4_1-100_1-100_1-2500_1_50_random_7_7.txt,4,21,WLP,breadth,noOB,mofvRevisited2,1,28,0.195933,1111,0.0006734,0.158037,0.0167383,159,1,17,11.4,3,48,29,0.0008031,0.0005027,0.185158,2.35e-05,0.0036981,3.35e-05,0.0031876
Forget21-PPP_7_4_1-100_1-100_1-2500_1_50_random_8_8.txt,4,21,WLP,breadth,noOB,mofvRevisited2,1,76,0.549059,2999,0.001379,0.435995,0.0441814,581,1,28,18.6838,28,119,144,0.0068997,0.00222,0.516813,8.49e-05,0.012686,0.0001241,0.0107574
Forget21-PPP_7_4_1-100_1-100_1-2500_1_50_random_9_9.txt,4,21,WLP,breadth,noOB,mofvRevisited2,1,198,0.770351,4468,0.0007448,0.606064,0.0624674,903,1,33,19.719,34,252,166,0.0225418,0.0029446,0.715015,0.0001198,0.0169234,0.0001335,0.0143238
Forget21-PPP_8_3_1-100_1-100_1-2500_1_50_random_10_10.txt,3,24,WLP,breadth,noOB,mofvRevisited2,1,288,1.008,6921,0.0005757,0.82716,0.0393621,1585,1,35,21.0467,35,336,422,0.0146925,0.0051952,0.94927,0.0001875,0.0212244,0.0001927,0.0165863
Forget21-PPP_8_3_1-100_1-100_1-2500_1_50_random_1_1.txt,3,24,WLP,breadth,noOB,mofvRevisited2,1,758,1.73209,11196,0.0006679,1.33639,0.0603878,3481,1,32,21.6502,303,914,524,0.0669522,0.0141403,1.58057,0.0004989,0.042917,0.000543,0.0330925
Forget21-PPP_8_3_1-100_1-100_1-2500_1_50_random_2_2.txt,3,24,WLP,breadth,noOB,mofvRevisited2,1,55,0.206619,1272,0.0005115,0.172618,0.0091361,223,1,25,13.9821,5,58,49,0.0007176,0.0006811,0.196483,3.38e-05,0.003341,4.63e-05,0.0025999
Forget21-PPP_8_3_1-100_1-100_1-2500_1_50_random_3_3.txt,3,24,WLP,breadth,noOB,mofvRevisited2,1,856,5.50848,35567,0.0010244,4.34714,0.179181,10307,1,45,26.3199,875,1579,2700,0.23659,0.0390591,5.03799,0.0014535,0.123024,0.0014277,0.0936728
Forget21-PPP_8_3_1-100_1-100_1-2500_1_50_random_4_4.txt,3,24,WLP,breadth,noOB,mofvRevisited2,1,49,0.213962,1287,0.0005625,0.177472,0.0088999,255,1,22,11.0781,3,83,42,0.0008745,0.0008139,0.20402,4.08e-05,0.0033898,6.2e-05,0.0025663
Forget21-PPP_8_3_1-100_1-100_1-2500_1_50_random_5_5.txt,3,24,WLP,breadth,noOB,mofvRevisited2,1,307,1.07376,6795,0.000585,0.857552,0.0410169,1781,1,34,19.6083,103,436,352,0.0222698,0.0075427,1.00259,0.000244,0.0238335,0.0002817,0.018335
Forget21-PPP_8_3_1-100_1-100_1-2500_1_50_random_6_6.txt,3,24,WLP,breadth,noOB,mofvRevisited2,1,50,0.234177,1156,0.0005999,0.197699,0.0102741,197,1,23,14.2323,7,60,32,0.0006837,0.0006789,0.224738,2.61e-05,0.0031781,5e-05,0.0025245
Forget21-PPP_8_3_1-100_1-100_1-2500_1_50_random_7_7.txt,3,24,WLP,breadth,noOB,mofvRevisited2,1,123,0.459018,3014,0.0007647,0.384507,0.0203302,621,1,31,17.6592,24,186,101,0.0026163,0.0017622,0.439275,6.84e-05,0.0085484,9.01e-05,0.0069159
Forget21-PPP_8_3_1-100_1-100_1-2500_1_50_random_8_8.txt,3,24,WLP,breadth,noOB,mofvRevisited2,1,23,0.232951,1427,0.000544,0.197647,0.0112046,203,1,23,10.598,13,30,59,0.0003216,0.0005564,0.222637,3.68e-05,0.0039009,4.16e-05,0.0031872
Forget21-PPP_8_3_1-100_1-100_1-2500_1_50_random_9_9.txt,3,24,WLP,breadth,noOB,mofvRevisited2,1,15,0.15496,939,0.0005352,0.129226,0.0065164,161,1,19,10.5679,11,24,46,0.0002306,0.0004508,0.146539,2.39e-05,0.0023118,2.9e-05,0.0018434
Forget21-PPP_8_4_1-100_1-100_1-2500_1_50_random_10_10.txt,4,24,WLP,breadth,noOB,mofvRevisited2,1,222,1.31166,7029,0.0006912,1.00688,0.0897216,1519,1,35,22.8829,67,350,343,0.0491364,0.0073102,1.20235,0.0002852,0.0322923,0.0002975,0.0267889
Forget21-PPP_8_4_1-100_1-100_1-2500_1_50_random_1_1.txt,4,24,WLP,breadth,noOB,mofvRevisited2,1,403,1.90252,12373,0.0006919,1.44483,0.116647,3037,1,40,21.9697,321,562,636,0.0967409,0.0098485,1.71939,0.0004482,0.047078,0.0004224,0.0390354
Forget21-PPP_8_4_1-100_1-100_1-2500_1_50_random_2_2.txt,4,24,WLP,breadth,noOB,mofvRevisited2,1,126,0.921331,5811,0.0009366,0.727771,0.0750353,1227,1,35,20.9316,122,205,287,0.0134567,0.0030459,0.867892,0.0001588,0.0219177,0.0001648,0.0186075
Forget21-PPP_8_4_1-100_1-100_1-2500_1_50_random_3_3.txt,4,24,WLP,breadth,noOB,mofvRevisited2,1,2810,26.5164,110172,0.0006964,13.469,1.07895,24307,1,45,24.5298,1848,2735,7571,9.61419,0.286166,15.8863,0.005421,0.452853,0.0051314,0.375523
Forget21-PPP_8_4_1-100_1-100_1-2500_1_50_random_4_4.txt,4,24,WLP,breadth,noOB,mofvRevisited2,1,1038,6.78206,40535,0.0007526,4.75874,0.442104,8625,1,41,25.9608,412,1595,2306,0.839557,0.0459753,5.65096,0.0013426,0.160087,0.0015488,0.134575
Forget21-PPP_8_4_1-100_1-100_1-2500_1_50_random_5_5.txt,4,24,WLP,breadth,noOB,mofvRevisited2,1,709,3.78817,23252,0.0020338,2.72998,0.209164,6533,1,42,25.1417,817,1092,1358,0.336759,0.0229611,3.26957,0.001031,0.100459,0.0009714,0.0832737
Forget21-PPP_8_4_1-100_1-100_1-2500_1_50_random_6_6.txt,4,24,WLP,breadth,noOB,mofvRevisited2,1,458,2.58117,16968,0.0007667,1.95842,0.157969,3945,1,40,24.5144,201,1070,702,0.139126,0.0155279,2.32786,0.0006209,0.0636886,0.0006035,0.0529274
Forget21-PPP_8_4_1-100_1-100_1-2500_1_50_random_7_7.txt,4,24,WLP,breadth,noOB,mofvRevisited2,1,171,0.684327,4400,0.0007679,0.547904,0.0483199,823,1,31,17.5607,81,182,149,0.0159403,0.0027229,0.64118,0.000127,0.0139258,0.000101,0.011636
Forget21-PPP_8_4_1-100_1-100_1-2500_1_50_random_8_8.txt,4,24,WLP,breadth,noOB,mofvRevisited2,1,16,0.413428,1924,0.0018493,0.335101,0.0461091,173,1,22,11.3563,11,24,52,0.0005195,0.0007812,0.399276,3.53e-05,0.0065578,4.34e-05,0.0058753
Forget21-PPP_8_4_1-100_1-100_1-2500_1_50_random_9_9.txt,4,24,WLP,breadth,noOB,mofvRevisited2,1,192,1.22001,7107,0.00073,0.950624,0.112811,1345,1,33,18.1991,119,274,280,0.0308803,0.0042131,1.14141,0.0002006,0.0270655,0.000195,0.0232411
Forget21-PPP_8_5_1-100_1-100_1-2500_1_50_random_10_10.txt,5,24,WLP,breadth,noOB,mofvRevisited2,1,896,6.54087,26715,0.0008078,3.58098,0.527098,5223,1,42,22.7802,311,1330,971,1.89491,0.0388364,4.41402,0.0012936,0.12516,0.0012223,0.108229
Forget21-PPP_8_5_1-100_1-100_1-2500_1_50_random_1_1.txt,5,24,WLP,breadth,noOB,mofvRevisited2,1,1576,10.4171,27391,0.0008411,3.70439,0.518841,5691,1,40,22.6001,295,1709,842,5.54937,0.0934725,4.55808,0.0023746,0.140323,0.0013557,0.11749
Forget21-PPP_8_5_1-100_1-100_1-2500_1_50_random_2_2.txt,5,24,WLP,breadth,noOB,mofvRevisited2,1,1219,33.0529,93960,0.0008046,12.8309,2.00574,17621,1,43,23.0527,1153,3351,4307,16.23,0.199398,15.8912,0.0049923,0.45945,0.0048038,0.399074
Forget21-PPP_8_5_1-100_1-100_1-2500_1_50_random_3_3.txt,5,24,WLP,breadth,noOB,mofvRevisited2,1,1743,21.2927,40131,0.0008229,5.37899,0.710795,8011,1,44,25.9436,314,2069,1623,14.2341,0.154259,6.58193,0.0044525,0.205245,0.0020656,0.172488
Forget21-PPP_8_5_1-100_1-100_1-2500_1_50_random_4_4.txt,5,24,WLP,breadth,noOB,mofvRevisited2,1,2792,50.6461,70769,0.0008963,9.52083,1.38778,15281,1,44,23.8019,1344,3804,2493,37.8081,0.417525,11.8202,0.0076405,0.374212,0.003262,0.315852
Forget21-PPP_8_5_1-100_1-100_1-2500_1_50_random_5_5.txt,5,24,WLP,breadth,noOB,mofvRevisited2,1,4572,58.1733,83005,0.0008756,11.6663,1.51813,15147,1,43,25.3483,877,2631,4066,42.7078,0.638329,14.1375,0.0069529,0.423669,0.0042755,0.362027
Forget21-PPP_8_5_1-100_1-100_1-2500_1_50_random_6_6.txt,5,24,WLP,breadth,noOB,mofvRevisited2,1,4287,147.976,127464,0.0008137,17.4851,1.83945,27849,1,45,26.2136,1592,6275,6058,124.815,0.953651,21.1002,0.0194484,0.671294,0.0063733,0.546624
Forget21-PPP_8_5_1-100_1-100_1-2500_1_50_random_7_7.txt,5,24,WLP,breadth,noOB,mofvRevisited2,1,366,1.551,8747,0.0008302,1.07735,0.184886,1641,1,32,19.2278,124,437,260,0.134508,0.0062417,1.35351,0.000283,0.0359308,0.0002815,0.0312829
Forget21-PPP_8_5_1-100_1-100_1-2500_1_50_random_8_8.txt,5,24,WLP,breadth,noOB,mofvRevisited2,1,2249,44.471,93116,0.0008098,12.5325,1.6322,18351,1,49,29.3657,1368,3217,4591,28.0768,0.26481,15.3316,0.0084464,0.494825,0.0053134,0.421192
Forget21-PPP_8_5_1-100_1-100_1-2500_1_50_random_9_9.txt,5,24,WLP,breadth,noOB,mofvRevisited2,1,192,1.24419,6803,0.000815,0.895801,0.169026,1215,1,32,19.1135,131,262,215,0.0613878,0.0033356,1.13261,0.0001764,0.0288063,0.0002071,0.0253455
Forget21-PPP_9_3_1-100_1-100_1-2500_1_50_random_10_10.txt,3,27,WLP,breadth,noOB,mofvRevisited2,1,11,0.222524,1366,0.0005456,0.190599,0.0099746,169,1,9,7.74118,1,20,64,0.000215,0.0003886,0.214122,3.27e-05,0.0030781,4.34e-05,0.0025388
Forget21-PPP_9_3_1-100_1-100_1-2500_1_50_random_1_1.txt,3,27,WLP,breadth,noOB,mofvRevisited2,1,201,0.85313,5068,0.0005564,0.713592,0.0365517,831,1,35,16.7019,36,141,239,0.0100448,0.005795,0.811558,0.0001209,0.014338,0.0001509,0.0114517
Forget21-PPP_9_3_1-100_1-100_1-2500_1_50_random_2_2.txt,3,27,WLP,breadth,noOB,mofvRevisited2,1,237,1.13435,6980,0.0005991,0.944069,0.0492297,1415,1,37,21.1893,54,324,330,0.0116781,0.0047895,1.08284,0.0001859,0.0197997,0.0001967,0.0157668
Forget21-PPP_9_3_1-100_1-100_1-2500_1_50_random_3_3.txt,3,27,WLP,breadth,noOB,mofvRevisited2,1,145,0.684601,4540,0.0005648,0.556617,0.0269669,1115,1,33,21.0556,129,193,236,0.0046658,0.002547,0.650058,0.0001451,0.0140662,0.000134,0.0110684
Forget21-PPP_9_3_1-100_1-100_1-2500_1_50_random_4_4.txt,3,27,WLP,breadth,noOB,mofvRevisited2,1,105,0.600591,3491,0.0005581,0.495903,0.0263317,683,1,31,17.7807,58,138,146,0.0040519,0.0023382,0.573638,0.0001051,0.0110899,0.0001258,0.0087778
Forget21-PPP_9_3_1-100_1-100_1-2500_1_50_random_5_5.txt,3,27,WLP,breadth,noOB,mofvRevisited2,1,68,0.297424,1660,0.001884,0.251478,0.0142357,211,1,9,8.18868,1,15,90,0.0012149,0.000743,0.285585,4.43e-05,0.0041315,5.46e-05,0.0033515
Forget21-PPP_9_3_1-100_1-100_1-2500_1_50_random_6_6.txt,3,27,WLP,breadth,noOB,mofvRevisited2,1,63,0.302726,1687,0.0009004,0.251755,0.0135807,305,1,23,13.3725,7,83,63,0.0011557,0.0008182,0.288878,5.35e-05,0.0043013,6.67e-05,0.0033362
Forget21-PPP_9_3_1-100_1-100_1-2500_1_50_random_7_7.txt,3,27,WLP,breadth,noOB,mofvRevisited2,1,12,0.275882,1654,0.0005605,0.235316,0.0127591,223,1,25,14.1161,24,27,61,0.0003097,0.0006087,0.265408,3.67e-05,0.0035865,6.83e-05,0.0029127
Forget21-PPP_9_3_1-100_1-100_1-2500_1_50_random_8_8.txt,3,27,WLP,breadth,noOB,mofvRevisited2,1,1658,5.45471,32012,0.0401468,4.01373,0.168674,8795,1,41,26.9002,330,2234,1834,0.388844,0.0746396,4.80394,0.0014348,0.113784,0.0013736,0.0870825
Forget21-PPP_9_3_1-100_1-100_1-2500_1_50_random_9_9.txt,3,27,WLP,breadth,noOB,mofvRevisited2,1,225,1.93806,12947,0.0005911,1.57201,0.0707859,3333,1,43,24.9454,332,437,898,0.024048,0.0089918,1.83671,0.0003879,0.0406613,0.0004208,0.0315153
Forget21-PPP_9_4_1-100_1-100_1-2500_1_50_random_10_10.txt,4,27,WLP,breadth,noOB,mofvRevisited2,1,332,1.92273,12253,0.0006965,1.43667,0.110529,3267,1,39,25.9841,461,532,641,0.088484,0.0100156,1.7421,0.0005198,0.0503856,0.0004462,0.0415917
Forget21-PPP_9_4_1-100_1-100_1-2500_1_50_random_1_1.txt,4,27,WLP,breadth,noOB,mofvRevisited2,1,478,3.33538,20631,0.0031068,2.50591,0.212101,4615,1,45,25.3501,455,834,1019,0.200989,0.0174222,2.99827,0.0007277,0.0749487,0.0006992,0.0623662
Forget21-PPP_9_4_1-100_1-100_1-2500_1_50_random_2_2.txt,4,27,WLP,breadth,noOB,mofvRevisited2,1,1294,13.4873,70689,0.0007351,8.60354,0.779073,15119,1,45,27.061,925,2511,4124,2.65414,0.100539,10.2881,0.0026776,0.286453,0.0029485,0.240032
Forget21-PPP_9_4_1-100_1-100_1-2500_1_50_random_3_3.txt,4,27,WLP,breadth,noOB,mofvRevisited2,1,259,1.60751,9583,0.0006869,1.23406,0.136665,1985,1,35,21.3051,350,352,291,0.054716,0.0050509,1.48755,0.0003614,0.0376166,0.0002665,0.0321764
Forget21-PPP_9_4_1-100_1-100_1-2500_1_50_random_4_4.txt,4,27,WLP,breadth,noOB,mofvRevisited2,1,175,0.863035,5553,0.0006919,0.697957,0.062169,937,1,33,18.4328,58,232,179,0.011805,0.0026521,0.818894,0.0001326,0.0157771,0.0001088,0.0132209
Forget21-PPP_9_4_1-100_1-100_1-2500_1_50_random_5_5.txt,4,27,WLP,breadth,noOB,mofvRevisited2,1,1101,4.50445,23866,0.0007171,2.94341,0.24559,5581,1,36,20.5844,371,1422,998,0.805373,0.038393,3.51523,0.0010561,0.0939504,0.0009983,0.077288
Forget21-PPP_9_4_1-100_1-100_1-2500_1_50_random_6_6.txt,4,27,WLP,breadth,noOB,mofvRevisited2,1,263,1.40327,8578,0.0007059,1.10814,0.110303,1581,1,35,20.3363,125,354,312,0.0406815,0.0048396,1.31463,0.0002468,0.026137,0.0002055,0.0217456
Forget21-PPP_9_4_1-100_1-100_1-2500_1_50_random_7_7.txt,4,27,WLP,breadth,noOB,mofvRevisited2,1,279,1.95599,12363,0.0007085,1.53278,0.144008,2425,1,43,24.8969,171,471,571,0.0589221,0.0078375,1.81996,0.0003299,0.0422745,0.0003274,0.0355683
Forget21-PPP_9_4_1-100_1-100_1-2500_1_50_random_8_8.txt,4,27,WLP,breadth,noOB,mofvRevisited2,1,2665,11.4974,51658,0.0006863,6.35492,0.513373,12059,1,47,26.1932,647,3193,2190,3.40728,0.167804,7.59034,0.0023405,0.21352,0.0023232,0.176356
Forget21-PPP_9_4_1-100_1-100_1-2500_1_50_random_9_9.txt,4,27,WLP,breadth,noOB,mofvRevisited2,1,919,4.34769,23092,0.0007051,2.94739,0.247454,4677,1,40,23.1073,221,1111,1007,0.712484,0.0328184,3.47214,0.0008498,0.0827589,0.0007739,0.0686951
Forget21-UFLP_3_5_1-1000_1-100_spheredown_1_1.txt,5,12,WLP,breadth,noOB,mofvRevisited2,1,25,0.263325,965,0.0014172,0.145314,0.0959317,195,2,11,8.58163,59,39,0,0.0003947,0.0001327,0.248891,2.92e-05,0.0064156,2.36e-05,0.0059894
Forget21-UFLP_3_5_1-1000_1-100_spheredown_1_10.txt,5,12,WLP,breadth,noOB,mofvRevisited2,1,27,0.262761,985,0.0008516,0.145624,0.0952101,199,3,11,8.54,61,39,0,0.0004188,0.0001759,0.248224,2.78e-05,0.0068998,2.7e-05,0.0064687
Forget21-UFLP_3_5_1-1000_1-100_spheredown_1_2.txt,5,12,WLP,breadth,noOB,mofvRevisited2,1,25,0.29289,947,0.0008825,0.176071,0.09045,199,2,11,8.78,58,41,1,0.0007637,0.0001853,0.276156,3.51e-05,0.0082172,4.14e-05,0.0076836
Forget21-UFLP_3_5_1-1000_1-100_spheredown_1_3.txt,5,12,WLP,breadth,noOB,mofvRevisited2,1,27,0.358495,1048,0.0013421,0.174316,0.156172,189,2,11,8.71579,54,41,0,0.0003897,0.0001479,0.339345,2.94e-05,0.0077816,3.92e-05,0.0072789
Forget21-UFLP_3_5_1-1000_1-100_spheredown_1_4.txt,5,12,WLP,breadth,noOB,mofvRevisited2,1,27,0.388038,1018,0.0010353,0.181822,0.183629,167,2,11,8.35714,49,35,0,0.0001779,0.0001714,0.373133,2.53e-05,0.0076071,2.39e-05,0.007203
Forget21-UFLP_3_5_1-1000_1-100_spheredown_1_5.txt,5,12,WLP,breadth,noOB,mofvRevisited2,1,27,0.336,1080,0.0008547,0.166515,0.146763,199,2,11,8.54,61,39,0,0.0004188,0.0001303,0.321041,3.5e-05,0.0072598,2.39e-05,0.0068185
Forget21-UFLP_3_5_1-1000_1-100_spheredown_1_6.txt,5,12,WLP,breadth,noOB,mofvRevisited2,1,27,0.308109,1043,0.0008321,0.155294,0.129019,195,2,11,8.58163,59,39,0,0.0003168,0.0001596,0.291719,2.62e-05,0.0066277,2.29e-05,0.0061969
Forget21-UFLP_3_5_1-1000_1-100_spheredown_1_7.txt,5,12,WLP,breadth,noOB,mofvRevisited2,1,27,0.301146,998,0.0011604,0.164976,0.108069,199,2,11,8.54,61,39,0,0.0010103,0.0001469,0.283013,5.27e-05,0.0091583,4.35e-05,0.0085261
Forget21-UFLP_3_5_1-1000_1-100_spheredown_1_8.txt,5,12,WLP,breadth,noOB,mofvRevisited2,1,27,0.466843,1138,0.0025008,0.20447,0.235679,177,2,11,8.44944,52,37,0,0.0002861,0.000128,0.450482,2.72e-05,0.0080501,3.16e-05,0.0076235
Forget21-UFLP_3_5_1-1000_1-100_spheredown_1_9.txt,5,12,WLP,breadth,noOB,mofvRevisited2,1,27,0.388662,1139,0.0014398,0.188012,0.174301,213,2,11,8.76636,62,45,0,0.000317,0.0001534,0.371276,2.8e-05,0.0076349,2.81e-05,0.0072013
Forget21-UFLP_4_4_1-1000_1-100_spheredown_1_1.txt,4,20,WLP,breadth,noOB,mofvRevisited2,1,207,1.92983,10885,0.0011105,1.3779,0.279648,2997,3,19,15.7045,918,547,34,0.0167467,0.0033296,1.77595,0.0004008,0.0856477,0.0004884,0.0790662
Forget21-UFLP_4_4_1-1000_1-100_spheredown_1_10.txt,4,20,WLP,breadth,noOB,mofvRevisited2,1,175,1.86278,10628,0.0018831,1.34568,0.230781,3287,4,19,15.4471,1090,500,54,0.0191778,0.0034277,1.70645,0.0004443,0.0844233,0.0005376,0.0774941
Forget21-UFLP_4_4_1-1000_1-100_spheredown_1_2.txt,4,20,WLP,breadth,noOB,mofvRevisited2,1,167,1.68213,9464,0.0008327,1.21053,0.230654,2701,3,19,15.4907,853,425,73,0.0153747,0.0027292,1.54782,0.0003628,0.0732042,0.0004537,0.0672535
Forget21-UFLP_4_4_1-1000_1-100_spheredown_1_3.txt,4,20,WLP,breadth,noOB,mofvRevisited2,1,155,1.88915,10634,0.0013047,1.34844,0.287287,2731,3,19,15.4173,843,470,53,0.0141651,0.0028429,1.74573,0.00035,0.0820841,0.0004719,0.0759856
Forget21-UFLP_4_4_1-1000_1-100_spheredown_1_4.txt,4,20,WLP,breadth,noOB,mofvRevisited2,1,170,1.83593,10468,0.0007881,1.31206,0.25412,3075,2,19,15.487,1005,467,66,0.0169116,0.0029137,1.68657,0.0004139,0.0837669,0.0004819,0.0769978
Forget21-UFLP_4_4_1-1000_1-100_spheredown_1_5.txt,4,20,WLP,breadth,noOB,mofvRevisited2,1,186,1.86663,10577,0.0007906,1.32518,0.274124,3143,3,19,15.9059,994,556,22,0.0184168,0.0032877,1.7209,0.0004237,0.0803811,0.000508,0.0735357
Forget21-UFLP_4_4_1-1000_1-100_spheredown_1_6.txt,4,20,WLP,breadth,noOB,mofvRevisited2,1,206,1.87551,10397,0.0025652,1.34069,0.272414,2793,2,19,16.0229,821,544,32,0.016772,0.0035058,1.72633,0.0003877,0.0837119,0.0004676,0.0774428
Forget21-UFLP_4_4_1-1000_1-100_spheredown_1_7.txt,4,20,WLP,breadth,noOB,mofvRevisited2,1,175,1.86312,10667,0.0010576,1.3385,0.249741,3073,3,19,15.5459,977,518,42,0.0174343,0.0032305,1.70935,0.0004029,0.0852731,0.0004901,0.0785699
Forget21-UFLP_4_4_1-1000_1-100_spheredown_1_8.txt,4,20,WLP,breadth,noOB,mofvRevisited2,1,192,1.95283,11164,0.0019828,1.38792,0.268234,3459,3,19,15.5555,1164,540,26,0.022586,0.0032999,1.79273,0.0004684,0.0853287,0.0005549,0.0781347
Forget21-UFLP_4_4_1-1000_1-100_spheredown_1_9.txt,4,20,WLP,breadth,noOB,mofvRevisited2,1,208,1.93268,11037,0.001409,1.381,0.259946,3373,3,19,15.4428,1130,500,57,0.0196431,0.0033184,1.77275,0.0004643,0.0876871,0.0005229,0.0804102
Forget21-UFLP_4_5_1-1000_1-100_spheredown_1_1.txt,5,20,WLP,breadth,noOB,mofvRevisited2,1,244,6.88548,16685,0.0037751,2.52201,3.91499,3267,3,19,15.7142,1071,557,6,0.0620305,0.0045815,6.58734,0.0005206,0.152498,0.0006618,0.145014
Forget21-UFLP_4_5_1-1000_1-100_spheredown_1_10.txt,5,20,WLP,breadth,noOB,mofvRevisited2,1,240,7.42461,17125,0.0049229,2.59041,4.36988,3407,4,19,15.9542,1086,616,2,0.0497751,0.0048573,7.11779,0.0005348,0.169117,0.0006879,0.161134
Forget21-UFLP_4_5_1-1000_1-100_spheredown_1_2.txt,5,20,WLP,breadth,noOB,mofvRevisited2,1,201,5.93677,15670,0.0009717,2.34918,3.16265,3197,3,19,15.242,1082,476,41,0.0515791,0.0035793,5.65435,0.0005182,0.14865,0.000648,0.14136
Forget21-UFLP_4_5_1-1000_1-100_spheredown_1_3.txt,5,20,WLP,breadth,noOB,mofvRevisited2,1,215,5.8396,16029,0.0009599,2.34376,3.07005,3559,3,19,15.5871,1209,551,20,0.0514649,0.0039923,5.56653,0.0005519,0.143068,0.000693,0.135188
Forget21-UFLP_4_5_1-1000_1-100_spheredown_1_4.txt,5,20,WLP,breadth,noOB,mofvRevisited2,1,238,7.57769,16897,0.0009712,2.55799,4.59114,3163,3,19,15.9526,989,582,11,0.0501068,0.0044135,7.29097,0.0005012,0.1537,0.0006331,0.146338
Forget21-UFLP_4_5_1-1000_1-100_spheredown_1_5.txt,5,20,WLP,breadth,noOB,mofvRevisited2,1,218,6.28385,16484,0.0010239,2.46253,3.37221,3379,3,19,15.5385,1138,533,19,0.0637399,0.0038804,5.98452,0.0005451,0.1527,0.0006535,0.144878
Forget21-UFLP_4_5_1-1000_1-100_spheredown_1_6.txt,5,20,WLP,breadth,noOB,mofvRevisited2,1,212,6.46246,16500,0.0010131,2.48448,3.5562,2861,3,19,15.7128,882,515,34,0.0521264,0.0037128,6.17229,0.0004569,0.15645,0.0006068,0.149445
Forget21-UFLP_4_5_1-1000_1-100_spheredown_1_7.txt,5,20,WLP,breadth,noOB,mofvRevisited2,1,225,6.56902,16992,0.0009578,2.39517,3.73211,3175,3,19,15.7229,1027,536,25,0.0595141,0.0041136,6.26946,0.0005232,0.154787,0.000624,0.14741
Forget21-UFLP_4_5_1-1000_1-100_spheredown_1_8.txt,5,20,WLP,breadth,noOB,mofvRevisited2,1,207,5.39779,15378,0.0023667,2.29031,2.6909,3093,4,19,15.3297,1016,490,41,0.0645655,0.0036922,5.11757,0.0005183,0.139255,0.0006105,0.132281
Forget21-UFLP_4_5_1-1000_1-100_spheredown_1_9.txt,5,20,WLP,breadth,noOB,mofvRevisited2,1,236,7.1655,16587,0.0009913,2.50729,4.21879,3305,4,19,15.8784,1072,572,9,0.0530526,0.0043612,6.87227,0.0005315,0.15731,0.0006642,0.1497
Forget21-UFLP_5_4_1-1000_1-100_spheredown_1_1.txt,4,30,WLP,breadth,noOB,mofvRevisited2,1,1112,30.4488,132190,0.0009031,20.4992,3.83167,34123,4,29,23.9778,11382,4044,1636,2.09903,0.107806,26.3071,0.0062985,1.257,0.0072055,1.15299
Forget21-UFLP_5_4_1-1000_1-100_spheredown_1_10.txt,4,30,WLP,breadth,noOB,mofvRevisited2,1,893,27.032,123093,0.0201928,17.7887,3.97017,28397,4,29,23.8106,9238,3262,1699,1.59688,0.0827918,23.4745,0.0053679,1.23029,0.0061786,1.13685
Forget21-UFLP_5_4_1-1000_1-100_spheredown_1_2.txt,4,30,WLP,breadth,noOB,mofvRevisited2,1,1040,30.5198,139254,0.0034646,20.0913,4.53088,31531,3,29,24.2644,9967,4125,1674,1.91192,0.107138,26.4898,0.0058507,1.32425,0.0068693,1.22181
Forget21-UFLP_5_4_1-1000_1-100_spheredown_1_3.txt,4,30,WLP,breadth,noOB,mofvRevisited2,1,1084,32.4065,136052,0.0358167,21.7016,4.37038,34073,3,29,23.8457,11591,3993,1453,2.05878,0.108392,28.136,0.0064928,1.36916,0.0072456,1.26168
Forget21-UFLP_5_4_1-1000_1-100_spheredown_1_4.txt,4,30,WLP,breadth,noOB,mofvRevisited2,1,1263,32.179,137911,0.0060632,21.4377,4.12306,34133,3,29,24.2013,11134,4350,1583,2.45074,0.133404,27.5539,0.0066537,1.33229,0.0072019,1.22311
Forget21-UFLP_5_4_1-1000_1-100_spheredown_1_5.txt,4,30,WLP,breadth,noOB,mofvRevisited2,1,1151,29.0442,131749,0.0109381,18.7916,4.04227,31021,4,29,24.1372,10033,3912,1566,2.23826,0.111175,24.6947,0.0060182,1.30265,0.0070554,1.20125
Forget21-UFLP_5_4_1-1000_1-100_spheredown_1_6.txt,4,30,WLP,breadth,noOB,mofvRevisited2,1,1200,31.0136,139975,0.0022706,20.0191,4.37069,34135,4,29,24.2603,10965,4525,1578,2.38311,0.127335,26.3849,0.0066794,1.38703,0.0071646,1.27599
Forget21-UFLP_5_4_1-1000_1-100_spheredown_1_7.txt,4,30,WLP,breadth,noOB,mofvRevisited2,1,1069,30.3757,136392,0.0029167,19.8971,4.50553,30195,4,29,24.2117,9492,4084,1522,1.96349,0.107673,26.1985,0.0056645,1.3801,0.0069963,1.27661
Forget21-UFLP_5_4_1-1000_1-100_spheredown_1_8.txt,4,30,WLP,breadth,noOB,mofvRevisited2,1,1062,27.9732,129368,0.0025655,18.2555,4.09028,28209,4,29,24.4152,8537,3950,1618,1.92411,0.099266,24.026,0.0053141,1.27433,0.0063562,1.17872
Forget21-UFLP_5_4_1-1000_1-100_spheredown_1_9.txt,4,30,WLP,breadth,noOB,mofvRevisited2,1,1142,31.4233,139299,0.0015813,20.3066,4.12021,37663,4,29,23.5867,13087,4105,1640,2.58255,0.110864,26.6011,0.0073426,1.37795,0.0079959,1.26247
Forget21-UFLP_5_5_1-1000_1-100_spheredown_1_1.txt,5,30,WLP,breadth,noOB,mofvRevisited2,1,1712,150.327,259991,0.0076302,42.855,82.3262,40143,4,29,25.1146,12362,6388,1322,17.1247,0.244484,127.947,0.0128742,3.32273,0.011523,3.16271
Forget21-UFLP_5_5_1-1000_1-100_spheredown_1_10.txt,5,30,WLP,breadth,noOB,mofvRevisited2,1,2015,171.776,274222,0.0160396,42.4232,98.5701,43399,4,29,25.1948,13521,6942,1237,21.9567,0.283322,144.036,0.0151055,3.63792,0.0125865,3.45927
Forget21-UFLP_5_5_1-1000_1-100_spheredown_1_2.txt,5,30,WLP,breadth,noOB,mofvRevisited2,1,1867,153.167,260842,0.0168018,40.2057,82.2277,40953,4,29,25.0229,12970,6090,1417,22.4986,0.286506,125.277,0.0148729,3.34812,0.0117947,3.1834
Forget21-UFLP_5_5_1-1000_1-100_spheredown_1_3.txt,5,30,WLP,breadth,noOB,mofvRevisited2,1,1750,147.22,259797,0.0162042,40.0294,80.5027,46203,4,29,24.134,15588,6121,1393,18.3183,0.252757,123.634,0.014936,3.2731,0.012726,3.10162
Forget21-UFLP_5_5_1-1000_1-100_spheredown_1_4.txt,5,30,WLP,breadth,noOB,mofvRevisited2,1,1745,145.052,257543,0.0496415,40.0254,80.425,40257,4,29,24.7622,12853,5959,1317,16.7509,0.242806,123.276,0.0127097,3.13446,0.0115424,2.97727
Forget21-UFLP_5_5_1-1000_1-100_spheredown_1_5.txt,5,30,WLP,breadth,noOB,mofvRevisited2,1,1669,136.848,247291,0.008231,37.7653,74.1348,42581,4,29,24.4277,14115,5622,1554,17.0833,0.208027,114.74,0.0135974,3.16706,0.0116665,3.00691
Forget21-UFLP_5_5_1-1000_1-100_spheredown_1_6.txt,5,30,WLP,breadth,noOB,mofvRevisited2,1,1739,156.466,263297,0.0018928,40.7879,89.5645,42239,4,29,24.4833,13742,5858,1520,18.0284,0.217887,133.214,0.0134754,3.30317,0.0118883,3.14088
Forget21-UFLP_5_5_1-1000_1-100_spheredown_1_7.txt,5,30,WLP,breadth,noOB,mofvRevisited2,1,2010,148.707,270640,0.0495593,41.1844,75.718,48751,4,29,24.7862,15920,7308,1148,23.0455,0.352392,120.212,0.0170399,3.33664,0.0133597,3.15384
Forget21-UFLP_5_5_1-1000_1-100_spheredown_1_8.txt,5,30,WLP,breadth,noOB,mofvRevisited2,1,1791,142.966,249102,0.0053364,38.8952,78.9122,40261,4,29,24.6622,12974,5771,1386,17.1857,0.248177,120.552,0.0132942,3.27397,0.0115462,3.11639
Forget21-UFLP_5_5_1-1000_1-100_spheredown_1_9.txt,5,30,WLP,breadth,noOB,mofvRevisited2,1,1948,149.972,259000,0.0059641,39.3511,81.8714,42625,4,29,25.0327,13209,6671,1433,20.514,0.274352,124.134,0.0143551,3.32637,0.0119337,3.15715
Forget21-UFLP_6_3_1-1000_1-100_spheredown_1_1.txt,3,42,WLP,breadth,noOB,mofvRevisited2,1,991,53.6678,273459,0.0008697,41.7763,2.55139,60647,4,41,31.3102,19977,4317,6030,1.31018,0.253201,49.2138,0.0094395,1.84632,0.0128043,1.58415
Forget21-UFLP_6_3_1-1000_1-100_spheredown_1_10.txt,3,42,WLP,breadth,noOB,mofvRevisited2,1,1402,75.2445,346918,0.005419,57.0872,4.50346,85187,5,41,31.1663,29271,5643,7680,2.47938,0.360259,68.4129,0.014387,2.52572,0.0164867,2.15313
Forget21-UFLP_6_3_1-1000_1-100_spheredown_1_2.txt,3,42,WLP,breadth,noOB,mofvRevisited2,1,893,48.1683,244269,0.001289,37.1699,2.18305,59125,4,41,30.6705,20102,3428,6033,1.12525,0.211332,44.0966,0.0094289,1.72653,0.0120508,1.47703
Forget21-UFLP_6_3_1-1000_1-100_spheredown_1_3.txt,3,42,WLP,breadth,noOB,mofvRevisited2,1,1127,63.9575,321435,0.0020641,49.3959,2.84452,77027,3,41,30.8077,26267,4814,7433,1.77794,0.310763,58.4108,0.0123625,2.1764,0.0156077,1.85337
Forget21-UFLP_6_3_1-1000_1-100_spheredown_1_4.txt,3,42,WLP,breadth,noOB,mofvRevisited2,1,1020,65.3385,335576,0.0038498,50.593,3.07016,74717,4,41,31.6789,23930,5614,7815,1.76134,0.30513,59.661,0.0124845,2.29537,0.0150295,1.96221
Forget21-UFLP_6_3_1-1000_1-100_spheredown_1_5.txt,3,42,WLP,breadth,noOB,mofvRevisited2,1,1223,67.5026,338047,0.0036543,52.2389,3.05685,76039,5,41,30.8061,24991,4687,8342,2.2368,0.318928,61.4524,0.0130695,2.20993,0.0150735,1.88578
Forget21-UFLP_6_3_1-1000_1-100_spheredown_1_6.txt,3,42,WLP,breadth,noOB,mofvRevisited2,1,1114,54.8032,276940,0.0052762,42.1484,2.50952,65545,4,41,31.2242,22271,4367,6135,1.49729,0.268273,49.9379,0.0107538,1.97246,0.0135178,1.68914
Forget21-UFLP_6_3_1-1000_1-100_spheredown_1_7.txt,3,42,WLP,breadth,noOB,mofvRevisited2,1,1363,64.8715,328533,0.01684,48.7123,2.7711,89321,4,41,30.872,31316,5893,7452,2.25179,0.335887,58.5488,0.0145698,2.32747,0.0166027,1.97268
Forget21-UFLP_6_3_1-1000_1-100_spheredown_1_8.txt,3,42,WLP,breadth,noOB,mofvRevisited2,1,1212,56.4414,281151,0.0523031,42.6707,2.45559,74661,4,41,30.1506,26872,4635,5824,1.70551,0.284647,51.2391,0.012432,2.0321,0.0153575,1.7313
Forget21-UFLP_6_3_1-1000_1-100_spheredown_1_9.txt,3,42,WLP,breadth,noOB,mofvRevisited2,1,1290,76.4943,379134,0.0019849,58.5524,3.34132,95807,4,41,30.7061,33121,5974,8809,2.45209,0.37858,69.5248,0.0159773,2.5835,0.0181136,2.19387
Forget21-UFLP_6_4_1-1000_1-100_spheredown_1_1.txt,4,42,WLP,breadth,noOB,mofvRevisited2,1,4818,423.27,1261605,0.0151656,210.966,51.8378,195163,4,41,33.8537,61422,18912,17248,119.515,2.86182,280.234,0.0690287,13.4292,0.0570274,12.2563
Forget21-UFLP_6_4_1-1000_1-100_spheredown_1_2.txt,4,42,WLP,breadth,noOB,mofvRevisited2,1,4157,373.066,1174705,0.0219502,193.249,48.1276,199593,5,41,33.2324,66324,17854,15619,92.8897,2.06022,258.939,0.0636352,12.422,0.0549366,11.3153
Forget21-UFLP_6_4_1-1000_1-100_spheredown_1_3.txt,4,42,WLP,breadth,noOB,mofvRevisited2,1,4232,374.648,1136311,0.0136483,186.862,44.3387,192207,5,41,32.9767,63681,15558,16865,104.608,2.22621,248.285,0.0655716,12.7155,0.0546048,11.601
Forget21-UFLP_6_4_1-1000_1-100_spheredown_1_4.txt,4,42,WLP,breadth,noOB,mofvRevisited2,1,5538,512.504,1359548,0.0203905,239.454,53.2989,257535,4,41,33.3852,87639,22722,18407,170.194,3.58172,315.256,0.0962221,15.1553,0.0697674,13.7454
Forget21-UFLP_6_4_1-1000_1-100_spheredown_1_5.txt,4,42,WLP,breadth,noOB,mofvRevisited2,1,4492,350.174,1089345,0.0281656,178.882,44.2933,202611,5,41,32.8148,71474,16371,13461,88.8024,2.20191,240.735,0.0624489,11.8824,0.0536309,10.7984
Forget21-UFLP_6_4_1-1000_1-100_spheredown_1_6.txt,4,42,WLP,breadth,noOB,mofvRevisited2,1,4595,411.357,1210379,0.0212749,206.471,49.36,215585,4,41,33.0653,73183,17697,16913,114.34,2.47511,274.61,0.0716607,12.869,0.0583003,11.6926
Forget21-UFLP_6_4_1-1000_1-100_spheredown_1_7.txt,4,42,WLP,breadth,noOB,mofvRevisited2,1,4662,402.553,1220120,0.0076187,202.453,50.59,201495,5,41,33.3415,66406,18000,16342,108.961,2.58405,270.8,0.0643471,13.0972,0.0565564,11.9284
Forget21-UFLP_6_4_1-1000_1-100_spheredown_1_8.txt,4,42,WLP,breadth,noOB,mofvRevisited2,1,5267,482.505,1379886,0.137422,230.809,56.9422,240167,4,41,33.9156,78245,22475,19364,146.755,3.39327,309.03,0.0839634,15.2245,0.066096,13.8479
Forget21-UFLP_6_4_1-1000_1-100_spheredown_1_9.txt,4,42,WLP,breadth,noOB,mofvRevisited2,1,4751,400.916,1250466,0.0256992,199.685,50.8888,219835,5,41,33.9913,72644,22112,15162,108.018,2.98463,269.51,0.0706721,13.1922,0.0598568,11.9878
Forget21-UFLP_6_5_1-1000_1-100_spheredown_1_7.txt,5,42,WLP,breadth,noOB,mofvRevisited2,1,8624,3297.78,3052765,0.698044,590.566,1204.9,336521,5,41,34.4056,108887,34905,24469,1385.82,7.35918,1831.87,0.207987,47.596,0.142677,45.0842
Forget21-UFLP_7_3_1-1000_1-100_spheredown_1_1.txt,3,56,WLP,breadth,noOB,mofvRevisited2,1,2655,309.998,1305340,0.0101365,235.428,12.8445,245309,4,55,40.7329,85804,12031,24820,16.9233,2.00974,275.982,0.0464317,9.68508,0.0569841,8.08036
Forget21-UFLP_7_3_1-1000_1-100_spheredown_1_2.txt,3,56,WLP,breadth,noOB,mofvRevisited2,1,2420,319.55,1322508,0.0199303,250.555,13.4063,205129,5,55,41.4355,66439,10082,26044,15.2003,2.05658,287.759,0.0391498,9.3933,0.0504657,7.85358
Forget21-UFLP_7_3_1-1000_1-100_spheredown_1_3.txt,3,56,WLP,breadth,noOB,mofvRevisited2,1,2655,396.949,1532968,0.0126398,306.664,21.6838,251773,4,55,40.2288,85928,12577,27382,19.1196,2.45945,357.493,0.0487087,11.5261,0.0641373,9.64546
Forget21-UFLP_7_3_1-1000_1-100_spheredown_1_4.txt,3,56,WLP,breadth,noOB,mofvRevisited2,1,2666,270.045,1134375,0.0095861,204.816,11.1083,215939,5,55,41.6074,74730,11249,21991,14.8447,1.86958,239.985,0.042846,8.50663,0.0484206,7.08469
Forget21-UFLP_7_3_1-1000_1-100_spheredown_1_5.txt,3,56,WLP,breadth,noOB,mofvRevisited2,1,2550,356.59,1524296,0.0009221,274.475,15.2807,252617,5,55,39.7368,86064,11138,29107,18.7051,2.40356,318.799,0.0487684,10.7182,0.0609614,8.94041
Kirlik14-ILP_p-3_n-10_m-5_ins-1.dat,3,10,WLP,breadth,noOB,mofvRevisited2,1,22,0.654041,4950,0.0017242,0.564781,0.0395485,677,3,19,11.6903,207,26,106,0.0006044,0.0006125,0.62676,9.38e-05,0.0153884,0.0001302,0.0135519
Kirlik14-ILP_p-3_n-10_m-5_ins-10.dat,3,10,WLP,breadth,noOB,mofvRevisited2,1,5,0.330577,1755,0.0031332,0.278204,0.0196094,219,1,19,11.9727,50,4,56,0.0002261,0.0003228,0.3132,5.32e-05,0.0066124,6.73e-05,0.005795
Kirlik14-ILP_p-3_n-10_m-5_ins-2.dat,3,10,WLP,breadth,noOB,mofvRevisited2,1,9,0.656975,4412,0.0022359,0.5706,0.0402039,507,3,20,11.8268,160,8,86,0.0003937,0.0005286,0.633903,8.33e-05,0.0125022,0.0001224,0.0109754
Kirlik14-ILP_p-3_n-10_m-5_ins-3.dat,3,10,WLP,breadth,noOB,mofvRevisited2,1,40,1.60524,12108,0.0017598,1.38861,0.106992,1435,4,21,13.2159,444,71,203,0.0020884,0.0016379,1.54371,0.000178,0.0361824,0.0002629,0.0322283
Kirlik14-ILP_p-3_n-10_m-5_ins-4.dat,3,10,WLP,breadth,noOB,mofvRevisited2,1,110,3.41674,25893,0.0039829,2.9557,0.240117,2729,4,22,14.0967,766,166,433,0.0077331,0.0039019,3.28866,0.0003494,0.0775489,0.0004935,0.0696602
Kirlik14-ILP_p-3_n-10_m-5_ins-5.dat,3,10,WLP,breadth,noOB,mofvRevisited2,1,64,1.28042,9196,0.0017351,1.11574,0.0805149,1103,4,21,13.6902,356,91,105,0.0014664,0.0013741,1.23169,0.000131,0.0279827,0.0001763,0.0248546
Kirlik14-ILP_p-3_n-10_m-5_ins-6.dat,3,10,WLP,breadth,noOB,mofvRevisited2,1,2,0.0566901,334,0.0017447,0.0441374,0.0026854,33,1,12,6.52941,5,2,10,1.41e-05,3.81e-05,0.0499763,6.3e-06,0.0008216,4.3e-06,0.0007223
Kirlik14-ILP_p-3_n-10_m-5_ins-7.dat,3,10,WLP,breadth,noOB,mofvRevisited2,1,30,0.791562,5523,0.0034519,0.688018,0.0449025,759,2,20,12.4816,207,27,146,0.0011647,0.0006771,0.7611,0.0001108,0.0167183,0.0001453,0.0147177
Kirlik14-ILP_p-3_n-10_m-5_ins-8.dat,3,10,WLP,breadth,noOB,mofvRevisited2,1,307,5.70704,44260,0.0017051,4.92495,0.370576,5855,2,27,17.0085,1635,547,746,0.033941,0.0079507,5.46272,0.0007688,0.132463,0.0010185,0.117611
Kirlik14-ILP_p-3_n-10_m-5_ins-9.dat,3,10,WLP,breadth,noOB,mofvRevisited2,1,14,0.521264,3619,0.0018506,0.454997,0.0311883,365,3,19,11.1585,95,8,80,0.0003163,0.0004094,0.501171,5.57e-05,0.0099478,6.67e-05,0.0089325
Kirlik14-ILP_p-3_n-20_m-10_ins-1.dat,3,20,WLP,breadth,noOB,mofvRevisited2,1,40,10.7363,66984,0.0018877,9.53336,0.696672,3913,4,29,16.2463,1259,55,643,0.0066351,0.0089103,10.4817,0.000564,0.162036,0.0008446,0.145411
Kirlik14-ILP_p-3_n-20_m-10_ins-10.dat,3,20,WLP,breadth,noOB,mofvRevisited2,1,31,11.6905,82290,0.0020502,10.3135,0.832399,3225,4,30,16.9485,1016,41,556,0.0050685,0.0109613,11.3933,0.0004749,0.194461,0.000782,0.176132
Kirlik14-ILP_p-3_n-20_m-10_ins-2.dat,3,20,WLP,breadth,noOB,mofvRevisited2,1,18,2.10616,15381,0.0028077,1.83055,0.140255,1235,3,25,15.1521,318,14,286,0.0011177,0.0020106,2.04087,0.00016,0.0402966,0.0002195,0.0360514
Kirlik14-ILP_p-3_n-20_m-10_ins-3.dat,3,20,WLP,breadth,noOB,mofvRevisited2,1,141,12.7653,89924,0.0029502,11.047,0.907803,7101,2,34,20.3233,2263,185,1103,0.0330003,0.0135137,12.3437,0.0009671,0.245397,0.0015279,0.219228
Kirlik14-ILP_p-3_n-20_m-10_ins-4.dat,3,20,WLP,breadth,noOB,mofvRevisited2,1,26,1.67306,11790,0.0018355,1.44035,0.113906,1187,1,27,17.3737,434,34,126,0.0008776,0.0015528,1.61521,0.0001517,0.0328328,0.0001995,0.0290831
Kirlik14-ILP_p-3_n-20_m-10_ins-5.dat,3,20,WLP,breadth,noOB,mofvRevisited2,1,7,0.516375,3539,0.0035094,0.447487,0.0288573,381,2,24,13.3141,121,6,64,0.0002565,0.0003767,0.499985,5.95e-05,0.0077597,6.37e-05,0.0067214
Kirlik14-ILP_p-3_n-20_m-10_ins-6.dat,3,20,WLP,breadth,noOB,mofvRevisited2,1,46,7.42653,51839,0.0018359,6.48892,0.538428,3189,2,30,18.5618,950,37,608,0.0063799,0.0067034,7.22333,0.0004597,0.126746,0.0007205,0.113885
Kirlik14-ILP_p-3_n-20_m-10_ins-7.dat,3,20,WLP,breadth,noOB,mofvRevisited2,1,33,27.9955,180479,0.0018359,25.053,1.89627,6405,2,37,18.0081,1239,37,1927,0.0152159,0.0223724,27.4775,0.0009975,0.334472,0.0018103,0.300829
Kirlik14-ILP_p-3_n-20_m-10_ins-8.dat,3,20,WLP,breadth,noOB,mofvRevisited2,1,104,22.6774,160450,0.0019318,19.8071,1.66407,8759,3,36,20.9196,2029,142,2209,0.0412597,0.0246574,22.0318,0.0012949,0.396623,0.0022252,0.357471
Kirlik14-ILP_p-3_n-20_m-10_ins-9.dat,3,20,WLP,breadth,noOB,mofvRevisited2,1,13,6.95701,50004,0.0018965,6.15115,0.470863,2311,3,29,15.0009,607,14,535,0.0022692,0.0062061,6.78788,0.0003367,0.107166,0.0005383,0.0966555
Kirlik14-ILP_p-3_n-30_m-15_ins-1.dat,3,30,WLP,breadth,noOB,mofvRevisited2,1,83,220.02,1321914,0.0046806,197.714,13.7512,34993,5,46,20.7665,8301,69,9127,0.171373,0.204096,215.863,0.0062227,2.61461,0.0129789,2.3194
Kirlik14-ILP_p-3_n-30_m-15_ins-10.dat,3,30,WLP,breadth,noOB,mofvRevisited2,1,30,13.9922,89356,0.0018952,12.3576,0.891007,4371,4,39,19.6034,1184,35,967,0.007891,0.0144925,13.6481,0.0006358,0.220644,0.0010578,0.196031
Kirlik14-ILP_p-3_n-30_m-15_ins-2.dat,3,30,WLP,breadth,noOB,mofvRevisited2,1,34,19.6334,119297,0.0020147,17.5115,1.21486,4683,4,41,20.5858,1388,38,916,0.0091871,0.018885,19.1899,0.0007237,0.289042,0.0011657,0.257601
Kirlik14-ILP_p-3_n-30_m-15_ins-4.dat,3,30,WLP,breadth,noOB,mofvRevisited2,1,223,231.046,1472480,0.0021087,205.061,15.5784,41697,5,46,22.929,11503,253,9093,0.468824,0.247879,225.604,0.0075299,3.27128,0.0152552,2.91276
Kirlik14-ILP_p-3_n-30_m-15_ins-5.dat,3,30,WLP,breadth,noOB,mofvRevisited2,1,128,156.25,900522,0.0020234,140.839,9.17396,26619,4,44,21.8742,7769,169,5372,0.182173,0.145375,153.114,0.0045321,1.93405,0.0089514,1.718
Kirlik14-ILP_p-3_n-30_m-15_ins-6.dat,3,30,WLP,breadth,noOB,mofvRevisited2,1,34,68.383,400548,0.0021765,61.4922,4.34748,10007,5,42,18.9131,2474,46,2484,0.0299196,0.0610624,67.1174,0.0017676,0.83714,0.0034102,0.748722
Kirlik14-ILP_p-3_n-30_m-15_ins-7.dat,3,30,WLP,breadth,noOB,mofvRevisited2,1,43,106.774,659923,0.002922,95.7133,7.00851,15453,5,44,19.8487,3643,61,4023,0.0485114,0.098086,104.775,0.0028118,1.30081,0.005499,1.16294
Kirlik14-ILP_p-3_n-30_m-15_ins-9.dat,3,30,WLP,breadth,noOB,mofvRevisited2,1,54,57.4581,369861,0.001944,50.9113,3.78042,13133,5,41,20.2324,3850,70,2647,0.0425699,0.0581596,56.0786,0.0021803,0.888258,0.0039226,0.793706
Kirlik14-ILP_p-3_n-40_m-20_ins-1.dat,3,40,WLP,breadth,noOB,mofvRevisited2,1,76,992.378,5266236,0.0020804,897.603,57.7166,105495,6,53,24.6445,29273,173,23302,0.357358,1.00927,974.302,0.0205944,11.6394,0.0456171,10.1897
Kirlik14-ILP_p-3_n-40_m-20_ins-2.dat,3,40,WLP,breadth,noOB,mofvRevisited2,1,25,214.313,1304063,0.0022345,191.878,13.5119,27909,5,50,20.4226,7787,71,6097,0.0380637,0.231046,210.152,0.0051239,2.72244,0.0106325,2.3753
Kirlik14-ILP_p-3_n-40_m-20_ins-3.dat,3,40,WLP,breadth,noOB,mofvRevisited2,1,71,1592.77,8137693,0.0049226,1431.28,102.219,171419,4,54,24.2982,42280,146,43284,0.729351,1.64099,1564.8,0.034229,17.7308,0.29449,15.4602
Kirlik14-ILP_p-3_n-40_m-20_ins-4.dat,3,40,WLP,breadth,noOB,mofvRevisited2,1,50,774.227,4127912,0.0088095,701.775,43.937,89539,5,56,23.5418,22021,110,22639,0.17565,0.745546,761.227,0.0165911,8.48037,0.0355988,7.41086
Kirlik14-ILP_p-3_n-40_m-20_ins-5.dat,3,40,WLP,breadth,noOB,mofvRevisited2,0,62,3600.13,14824457,0.0053105,3273.98,193.594,218448,6,25,20.6374,54402,85,40790,1.135,3.054,3526.72,0.0530771,37.2994,13.5922,32.7816
Kirlik14-ILP_p-3_n-40_m-20_ins-6.dat,3,40,WLP,breadth,noOB,mofvRevisited2,0,39,3600.04,18395583,0.0215266,3089.08,314.595,140412,7,18,16.7538,20167,13,11186,0.505433,3.89709,3479.91,0.0501359,59.714,37.3958,53.3278
Kirlik14-ILP_p-3_n-40_m-20_ins-7.dat,3,40,WLP,breadth,noOB,mofvRevisited2,1,140,759.206,4146302,0.0150247,680.598,43.1765,143565,3,59,28.864,47356,249,24178,0.47302,0.815918,743.008,0.0235233,10.0024,0.0475105,8.6866
Kirlik14-ILP_p-3_n-40_m-20_ins-8.dat,3,40,WLP,breadth,noOB,mofvRevisited2,1,120,1936.67,8619121,0.0122398,1788.47,90.0974,184203,4,62,24.9895,39422,169,52511,0.617756,1.539,1910.99,0.0334461,16.1183,0.118695,13.9975
Kirlik14-ILP_p-3_n-40_m-20_ins-9.dat,3,40,WLP,breadth,noOB,mofvRevisited2,0,87,3600.06,16848359,0.0193555,3182.88,234.091,277677,5,22,19.7879,54954,43,54841,1.66493,3.18307,3496.4,0.0703054,40.8568,37.5106,35.9382
Kirlik14-ILP_p-4_n-10_m-5_ins-1.dat,4,10,WLP,breadth,noOB,mofvRevisited2,1,86,6.91795,43675,0.0089395,5.26136,1.2101,3339,4,22,13.9868,879,203,588,0.0363871,0.0057159,6.62164,0.0006009,0.175592,0.0008486,0.164844
Kirlik14-ILP_p-4_n-10_m-5_ins-10.dat,4,10,WLP,breadth,noOB,mofvRevisited2,1,10,0.841324,5092,0.002074,0.652828,0.136199,403,3,17,11.3812,124,22,56,0.0004069,0.0004773,0.808767,6.75e-05,0.0196862,8.54e-05,0.0184659
Kirlik14-ILP_p-4_n-10_m-5_ins-2.dat,4,10,WLP,breadth,noOB,mofvRevisited2,1,60,1.62263,10206,0.0018553,1.23465,0.269894,1035,3,17,11.7162,368,83,67,0.0035454,0.0012217,1.54203,0.0001644,0.0485599,0.0001893,0.0455623
Kirlik14-ILP_p-4_n-10_m-5_ins-3.dat,4,10,WLP,breadth,noOB,mofvRevisited2,1,229,10.7491,67232,0.0018844,7.88772,2.13906,4815,4,23,14.7375,1412,379,617,0.0925154,0.0106196,10.2222,0.0008233,0.292498,0.0010882,0.276123
Kirlik14-ILP_p-4_n-10_m-5_ins-4.dat,4,10,WLP,breadth,noOB,mofvRevisited2,1,28,0.665118,4148,0.003979,0.503939,0.109211,407,4,15,10.6176,141,38,25,0.0006948,0.0004226,0.631794,5.99e-05,0.0193195,8.21e-05,0.0181675
Kirlik14-ILP_p-4_n-10_m-5_ins-5.dat,4,10,WLP,breadth,noOB,mofvRevisited2,1,247,11.0565,64988,0.001989,8.42832,1.90903,5177,4,22,15.0537,1554,384,651,0.0924501,0.0103033,10.5406,0.0008761,0.283747,0.0011603,0.267423
Kirlik14-ILP_p-4_n-10_m-5_ins-6.dat,4,10,WLP,breadth,noOB,mofvRevisited2,1,269,6.86411,44242,0.004236,5.15729,1.17165,4535,4,25,16.7941,1418,478,372,0.0657832,0.0080814,6.48382,0.0007092,0.207061,0.0009339,0.194194
Kirlik14-ILP_p-4_n-10_m-5_ins-7.dat,4,10,WLP,breadth,noOB,mofvRevisited2,1,21,1.65025,10369,0.0018632,1.26263,0.296041,697,3,21,12.6132,225,34,90,0.0014666,0.0009173,1.59019,0.0001097,0.0384819,0.000136,0.0361936
Kirlik14-ILP_p-4_n-10_m-5_ins-8.dat,4,10,WLP,breadth,noOB,mofvRevisited2,1,18,1.25219,7630,0.0018344,0.937409,0.241589,475,2,17,10.7605,168,23,47,0.0008963,0.0006911,1.20208,7.31e-05,0.0312416,9.17e-05,0.0295862
Kirlik14-ILP_p-4_n-10_m-5_ins-9.dat,4,10,WLP,breadth,noOB,mofvRevisited2,1,38,1.6628,10461,0.0018838,1.3042,0.255504,953,4,19,12.7694,308,53,116,0.00246,0.001041,1.59567,0.0001401,0.0407505,0.0001851,0.0380716
Kirlik14-ILP_p-5_n-10_m-5_ins-1.dat,5,10,WLP,breadth,noOB,mofvRevisited2,1,132,3.23812,15565,0.0029765,2.02067,0.987401,1703,2,18,13.0047,554,162,136,0.0318849,0.0022588,3.06898,0.0002786,0.0878013,0.0003349,0.0834623
Kirlik14-ILP_p-5_n-10_m-5_ins-10.dat,5,10,WLP,breadth,noOB,mofvRevisited2,1,376,15.9035,55624,0.0020608,7.45498,7.61059,3547,4,24,16.1826,776,576,422,0.192516,0.0117634,15.2368,0.0006317,0.321647,0.0008547,0.309675
Kirlik14-ILP_p-5_n-10_m-5_ins-2.dat,5,10,WLP,breadth,noOB,mofvRevisited2,1,99,10.3655,42650,0.002023,5.25572,4.62258,2635,3,21,14.4439,801,192,325,0.0495013,0.0039991,10.0041,0.0004658,0.206355,0.0006079,0.198141
Kirlik14-ILP_p-5_n-10_m-5_ins-3.dat,5,10,WLP,breadth,noOB,mofvRevisited2,1,273,14.4018,49216,0.0038021,6.202,7.44288,2923,4,21,14.5472,879,364,219,0.153401,0.0086719,13.7965,0.0006049,0.302835,0.000746,0.292339
Kirlik14-ILP_p-5_n-10_m-5_ins-4.dat,5,10,WLP,breadth,noOB,mofvRevisited2,1,167,9.12392,32140,0.0020137,4.0772,4.63142,1925,2,22,15.1464,649,204,110,0.0400387,0.0039999,8.80696,0.0003692,0.186088,0.0004855,0.179303
Kirlik14-ILP_p-5_n-10_m-5_ins-5.dat,5,10,WLP,breadth,noOB,mofvRevisited2,1,473,12.3004,52404,0.0019909,6.37766,5.06226,4109,3,25,15.9762,1046,704,305,0.243408,0.0133445,11.613,0.0007595,0.289457,0.0009584,0.276446
Kirlik14-ILP_p-5_n-10_m-5_ins-6.dat,5,10,WLP,breadth,noOB,mofvRevisited2,1,55,2.29235,11378,0.001982,1.38559,0.785518,885,2,20,12.8691,285,73,85,0.0060391,0.0009544,2.20833,0.0001344,0.047619,0.0001616,0.0452865
Kirlik14-ILP_p-5_n-10_m-5_ins-7.dat,5,10,WLP,breadth,noOB,mofvRevisited2,1,22,1.96377,7794,0.0020491,1.0098,0.875666,369,3,16,10.9189,119,28,38,0.0010009,0.0005463,1.90839,6.1e-05,0.0350054,8.01e-05,0.0337612
Kirlik14-ILP_p-5_n-10_m-5_ins-8.dat,5,10,WLP,breadth,noOB,mofvRevisited2,1,52,10.4923,31822,0.0028892,4.32898,5.81703,1225,1,22,14.6232,388,81,144,0.0108356,0.0028431,10.2325,0.0002141,0.169877,0.000325,0.164635
Kirlik14-ILP_p-5_n-10_m-5_ins-9.dat,5,10,WLP,breadth,noOB,mofvRevisited2,1,12,0.866071,3609,0.004055,0.512081,0.303899,269,3,15,10.2296,98,22,15,0.0004109,0.0002994,0.831998,4.4e-05,0.0197718,4.98e-05,0.018987
Kirlik14-KP_p-3_n-10_ins-1.dat,3,10,WLP,breadth,noOB,mofvRevisited2,1,7,0.0644405,428,0.0004806,0.0529954,0.0034088,61,3,9,5.77419,8,8,15,5.02e-05,6.51e-05,0.0592361,1.08e-05,0.0009999,1.55e-05,0.0008586
Kirlik14-KP_p-3_n-10_ins-10.dat,3,10,WLP,breadth,noOB,mofvRevisited2,1,6,0.0739871,494,0.0004768,0.0614446,0.0038542,87,3,8,6.11364,12,17,15,3.84e-05,0.0001099,0.0688559,1.51e-05,0.0012495,2.09e-05,0.0009989
Kirlik14-KP_p-3_n-10_ins-2.dat,3,10,WLP,breadth,noOB,mofvRevisited2,1,19,0.271045,1188,0.000751,0.22763,0.0156531,195,3,10,7.34694,32,36,30,0.000367,0.0003314,0.255824,5.26e-05,0.0050233,6.93e-05,0.0043129
Kirlik14-KP_p-3_n-10_ins-3.dat,3,10,WLP,breadth,noOB,mofvRevisited2,1,8,0.10324,640,0.0005072,0.0847667,0.0056939,103,3,9,6.36538,17,14,21,0.0001458,0.0001255,0.0956782,2.77e-05,0.0021504,3.52e-05,0.0018147
Kirlik14-KP_p-3_n-10_ins-4.dat,3,10,WLP,breadth,noOB,mofvRevisited2,1,5,0.0446211,250,0.0013478,0.0357118,0.0020115,39,2,8,5.1,3,5,12,2.54e-05,5.77e-05,0.0407333,8.3e-06,0.0005774,9.1e-06,0.000476
Kirlik14-KP_p-3_n-10_ins-5.dat,3,10,WLP,breadth,noOB,mofvRevisited2,1,25,0.247457,1556,0.0005977,0.207345,0.0164577,247,4,10,7.66935,57,48,19,0.0002894,0.0003511,0.234441,6.04e-05,0.0066157,6.15e-05,0.0058037
Kirlik14-KP_p-3_n-10_ins-6.dat,3,10,WLP,breadth,noOB,mofvRevisited2,1,7,0.0717383,506,0.000467,0.0598384,0.0035709,87,3,8,5.97727,5,15,24,5.2e-05,7.93e-05,0.066663,1.49e-05,0.0013608,1.57e-05,0.0011262
Kirlik14-KP_p-3_n-10_ins-7.dat,3,10,WLP,breadth,noOB,mofvRevisited2,1,5,0.0965256,667,0.0004756,0.0812832,0.0048635,85,3,10,6.34884,12,14,17,5.63e-05,9.74e-05,0.0899837,1.61e-05,0.0015497,1.99e-05,0.0013064
Kirlik14-KP_p-3_n-10_ins-8.dat,3,10,WLP,breadth,noOB,mofvRevisited2,1,7,0.111801,794,0.0004652,0.0927667,0.0062733,107,4,10,6.74074,11,16,27,7.87e-05,0.0001095,0.103336,2.62e-05,0.0022851,2.12e-05,0.0019288
Kirlik14-KP_p-3_n-10_ins-9.dat,3,10,WLP,breadth,noOB,mofvRevisited2,1,9,0.16086,1030,0.0004656,0.13623,0.0092577,155,4,9,6.97436,14,16,48,0.0001933,0.0001994,0.152907,3.74e-05,0.0032384,7.01e-05,0.002657
Kirlik14-KP_p-3_n-20_ins-1.dat,3,20,WLP,breadth,noOB,mofvRevisited2,1,35,1.91321,13885,0.000808,1.6672,0.122273,1243,5,17,11.3907,24,113,485,0.0023495,0.0023542,1.85929,0.0001936,0.0315691,0.000247,0.028193
Kirlik14-KP_p-3_n-20_ins-10.dat,3,20,WLP,breadth,noOB,mofvRevisited2,1,22,0.79428,6215,0.0004726,0.691598,0.0516044,501,4,19,10.8367,5,82,164,0.0007515,0.0010114,0.771383,8.08e-05,0.012153,8.67e-05,0.0108266
Kirlik14-KP_p-3_n-20_ins-2.dat,3,20,WLP,breadth,noOB,mofvRevisited2,1,35,1.8842,14628,0.0004861,1.63907,0.129191,1017,4,20,11.3772,11,84,414,0.0027635,0.0025974,1.83043,0.0001648,0.0320139,0.0002042,0.0288017
Kirlik14-KP_p-3_n-20_ins-3.dat,3,20,WLP,breadth,noOB,mofvRevisited2,1,43,1.38057,9604,0.001011,1.21591,0.0826071,995,6,19,10.4859,26,102,370,0.0017885,0.0014914,1.34829,0.0001444,0.0183971,0.0001629,0.0160453
Kirlik14-KP_p-3_n-20_ins-4.dat,3,20,WLP,breadth,noOB,mofvRevisited2,1,28,2.00002,14780,0.0009235,1.75618,0.126981,1175,4,20,12.5034,12,268,308,0.0016075,0.0027883,1.94724,0.0001609,0.0316445,0.0002012,0.0284841
Kirlik14-KP_p-3_n-20_ins-5.dat,3,20,WLP,breadth,noOB,mofvRevisited2,1,62,4.81638,32798,0.0005149,4.27639,0.296853,2233,4,20,13.1056,79,374,664,0.0065278,0.0058915,4.70173,0.0003361,0.0685076,0.0004205,0.0615145
Kirlik14-KP_p-3_n-20_ins-6.dat,3,20,WLP,breadth,noOB,mofvRevisited2,1,63,2.92848,20069,0.0005206,2.59033,0.189016,1561,5,20,11.4673,40,207,534,0.0040228,0.0031708,2.86377,0.0002234,0.0377854,0.0002737,0.0336155
Kirlik14-KP_p-3_n-20_ins-7.dat,3,20,WLP,breadth,noOB,mofvRevisited2,1,31,1.28735,9619,0.0004961,1.12841,0.0842576,705,3,20,12.2975,8,123,222,0.001236,0.0017154,1.25252,0.0001004,0.0204505,0.0001235,0.018406
Kirlik14-KP_p-3_n-20_ins-8.dat,3,20,WLP,breadth,noOB,mofvRevisited2,1,30,1.43471,10969,0.0005605,1.259,0.0884947,923,4,18,11.2229,15,132,315,0.001473,0.001778,1.39668,0.0001248,0.0224247,0.0001621,0.0199102
Kirlik14-KP_p-3_n-20_ins-9.dat,3,20,WLP,breadth,noOB,mofvRevisited2,1,31,0.868926,6351,0.0005601,0.754819,0.052682,655,5,15,10.0579,21,90,217,0.0011425,0.0010988,0.840564,9.12e-05,0.015376,0.0001179,0.013694
Kirlik14-KP_p-3_n-30_ins-1.dat,3,30,WLP,breadth,noOB,mofvRevisited2,1,88,14.0696,91290,0.0010259,12.4247,0.926156,5113,4,30,17.4357,56,1021,1480,0.0235088,0.0206903,13.768,0.0007996,0.175613,0.0010891,0.155862
Kirlik14-KP_p-3_n-30_ins-10.dat,3,30,WLP,breadth,noOB,mofvRevisited2,1,95,8.06454,60139,0.0005074,7.08695,0.47007,4387,5,29,15.3555,32,475,1687,0.0167235,0.0117965,7.88167,0.0006248,0.101897,0.0008043,0.0887526
Kirlik14-KP_p-3_n-30_ins-2.dat,3,30,WLP,breadth,noOB,mofvRevisited2,1,196,26.4682,205797,0.0005037,22.9374,1.9361,9831,5,30,17.0938,35,1782,3099,0.102544,0.0488533,25.72,0.0016126,0.421625,0.0023529,0.374917
Kirlik14-KP_p-3_n-30_ins-3.dat,3,30,WLP,breadth,noOB,mofvRevisited2,1,118,17.9687,139278,0.0004976,15.6055,1.21903,8409,6,30,16.321,98,668,3439,0.0501639,0.0285281,17.4879,0.0012438,0.277091,0.0017798,0.245444
Kirlik14-KP_p-3_n-30_ins-4.dat,3,30,WLP,breadth,noOB,mofvRevisited2,1,63,9.60855,64458,0.0005121,8.58982,0.57429,2835,5,28,15.9697,26,274,1118,0.011408,0.0129099,9.42063,0.0004456,0.111819,0.0005691,0.0995218
Kirlik14-KP_p-3_n-30_ins-5.dat,3,30,WLP,breadth,noOB,mofvRevisited2,1,69,5.67486,44703,0.000495,4.95618,0.368358,2765,5,29,14.851,13,78,1292,0.0098419,0.0075786,5.54185,0.0004016,0.0766482,0.0005258,0.0676149
Kirlik14-KP_p-3_n-30_ins-6.dat,3,30,WLP,breadth,noOB,mofvRevisited2,1,103,19.5437,139649,0.0011367,17.1782,1.35637,5595,5,30,17.8978,75,1036,1687,0.0357962,0.0331006,19.0647,0.0009285,0.291392,0.0013865,0.260647
Kirlik14-KP_p-3_n-30_ins-7.dat,3,30,WLP,breadth,noOB,mofvRevisited2,1,266,53.7962,415547,0.0005335,46.65,3.99367,17457,6,30,18.8111,143,3156,5430,0.24708,0.100278,52.2416,0.0029896,0.837969,0.0045283,0.746446
Kirlik14-KP_p-3_n-30_ins-8.dat,3,30,WLP,breadth,noOB,mofvRevisited2,1,98,14.5739,108251,0.0004995,12.7237,0.941909,6929,5,29,17.3599,59,445,2961,0.0376502,0.0206915,14.205,0.0011122,0.21307,0.0014249,0.188853
Kirlik14-KP_p-3_n-30_ins-9.dat,3,30,WLP,breadth,noOB,mofvRevisited2,1,62,12.4344,82682,0.0005137,11.114,0.710814,4325,4,29,16.7869,27,436,1700,0.0152775,0.0160866,12.1863,0.0006715,0.146211,0.0009868,0.130035
Kirlik14-KP_p-3_n-40_ins-1.dat,3,40,WLP,breadth,noOB,mofvRevisited2,1,486,338.756,2412009,0.0005298,295.127,23.3513,79093,4,40,24.072,112,12682,26753,2.5577,0.694713,328.523,0.0150947,4.72824,0.0265229,4.13191
Kirlik14-KP_p-3_n-40_ins-10.dat,3,40,WLP,breadth,noOB,mofvRevisited2,1,259,76.5688,539616,0.0005857,66.32,5.61232,23169,6,40,21.2741,24,3741,7820,0.326447,0.143225,74.5618,0.0039348,1.05808,0.0061653,0.927905
Kirlik14-KP_p-3_n-40_ins-2.dat,3,40,WLP,breadth,noOB,mofvRevisited2,1,252,50.3529,340216,0.0010895,44.1283,3.02389,18423,6,40,19.6968,29,2504,6679,0.224572,0.0836532,49.0963,0.0029569,0.640431,0.0046173,0.559547
Kirlik14-KP_p-3_n-40_ins-3.dat,3,40,WLP,breadth,noOB,mofvRevisited2,1,541,230.599,1535202,0.0006356,202.712,14.4886,57091,6,40,23.0675,146,6696,21704,1.71272,0.446629,224.137,0.0106118,2.89528,0.0182138,2.53297
Kirlik14-KP_p-3_n-40_ins-4.dat,3,40,WLP,breadth,noOB,mofvRevisited2,1,256,88.2401,626375,0.0006547,77.2385,5.9638,23007,6,40,21.1912,27,3162,8315,0.36964,0.161029,85.9815,0.0039946,1.19366,0.0064374,1.04833
Kirlik14-KP_p-3_n-40_ins-5.dat,3,40,WLP,breadth,noOB,mofvRevisited2,1,385,113.197,865176,0.0005064,98.0637,7.55802,39057,5,39,21.2815,48,3330,16151,0.781208,0.208088,109.923,0.0066753,1.50604,0.0105648,1.30843
Kirlik14-KP_p-3_n-40_ins-6.dat,3,40,WLP,breadth,noOB,mofvRevisited2,1,222,78.3909,601038,0.0005278,68.079,5.49838,23881,5,40,21.6013,116,1034,10791,0.321024,0.14224,76.3471,0.0039685,1.07671,0.0063881,0.941651
Kirlik14-KP_p-3_n-40_ins-7.dat,3,40,WLP,breadth,noOB,mofvRevisited2,1,238,123.266,944823,0.0011233,107.108,8.84778,32761,6,39,22.1645,62,2870,13449,0.482959,0.240648,120.024,0.0058144,1.70419,0.010146,1.48974
Kirlik14-KP_p-3_n-40_ins-8.dat,3,40,WLP,breadth,noOB,mofvRevisited2,1,136,43.562,307846,0.0005141,38.4891,2.72472,12043,4,38,19.9548,38,261,5723,0.110053,0.0687099,42.6376,0.0019931,0.502486,0.0032196,0.438924
Kirlik14-KP_p-3_n-40_ins-9.dat,3,40,WLP,breadth,noOB,mofvRevisited2,1,337,142.559,1002451,0.0005159,125.516,8.96025,39331,6,40,22.2939,84,6917,12665,0.744739,0.253859,139.095,0.0069947,1.6211,0.011538,1.41119
Kirlik14-KP_p-4_n-10_ins-1.dat,4,10,WLP,breadth,noOB,mofvRevisited2,1,10,0.231989,1287,0.0011745,0.180036,0.0336325,99,3,9,6.7,13,24,13,0.0001279,0.0001872,0.220099,1.94e-05,0.006115,2.6e-05,0.0058086
Kirlik14-KP_p-4_n-10_ins-10.dat,4,10,WLP,breadth,noOB,mofvRevisited2,1,10,0.172991,983,0.0019862,0.134257,0.0199021,99,3,8,6.44,14,22,14,0.0001528,0.0001563,0.161119,3.11e-05,0.0043176,3.66e-05,0.0038657
Kirlik14-KP_p-4_n-10_ins-2.dat,4,10,WLP,breadth,noOB,mofvRevisited2,1,13,0.344486,1418,0.0005964,0.268678,0.045259,153,3,9,7.07792,20,27,30,0.0004514,0.0002776,0.324786,4.28e-05,0.0093885,4.99e-05,0.0087708
Kirlik14-KP_p-4_n-10_ins-3.dat,4,10,WLP,breadth,noOB,mofvRevisited2,1,7,0.163456,643,0.0014953,0.128551,0.0159984,73,3,9,6.16216,13,10,14,0.0001384,0.0001155,0.152077,2.5e-05,0.0048104,2.96e-05,0.0044957
Kirlik14-KP_p-4_n-10_ins-4.dat,4,10,WLP,breadth,noOB,mofvRevisited2,1,6,0.109019,578,0.0006445,0.0836456,0.01153,53,3,9,5.62963,7,11,9,0.0001462,0.0001052,0.0990102,1.41e-05,0.001995,2.03e-05,0.0018309
Kirlik14-KP_p-4_n-10_ins-5.dat,4,10,WLP,breadth,noOB,mofvRevisited2,1,9,0.182154,879,0.000712,0.143113,0.0223468,107,4,7,6.07407,23,22,9,0.0002426,0.000195,0.172412,2.66e-05,0.0043123,3.85e-05,0.0039544
Kirlik14-KP_p-4_n-10_ins-6.dat,4,10,WLP,breadth,noOB,mofvRevisited2,1,19,0.258283,1544,0.0006173,0.203591,0.0338721,161,3,10,7.64198,22,41,18,0.0003628,0.0002716,0.244458,3.38e-05,0.005594,3.19e-05,0.0051664
Kirlik14-KP_p-4_n-10_ins-7.dat,4,10,WLP,breadth,noOB,mofvRevisited2,1,15,0.222391,1133,0.0005781,0.175599,0.0300296,101,3,9,6.60784,8,25,18,0.000274,0.0002209,0.211479,2.2e-05,0.0045736,2.62e-05,0.0042735
Kirlik14-KP_p-4_n-10_ins-8.dat,4,10,WLP,breadth,noOB,mofvRevisited2,1,5,0.0511956,308,0.000619,0.0405352,0.0038168,35,3,8,4.83333,2,7,9,4.93e-05,6.68e-05,0.0466439,1.35e-05,0.000973,1.22e-05,0.0008323
Kirlik14-KP_p-4_n-10_ins-9.dat,4,10,WLP,breadth,noOB,mofvRevisited2,1,22,0.553416,2787,0.0005963,0.431189,0.0824803,275,4,10,7.83333,47,53,38,0.0008725,0.0005132,0.529136,7.1e-05,0.0146247,7.72e-05,0.013716
Kirlik14-KP_p-4_n-20_ins-1.dat,4,20,WLP,breadth,noOB,mofvRevisited2,1,60,3.90181,23869,0.0007861,3.12681,0.599179,1147,5,20,12.0436,5,176,393,0.009421,0.0032703,3.80578,0.0001879,0.0563567,0.0002357,0.0528429
Kirlik14-KP_p-4_n-20_ins-10.dat,4,20,WLP,breadth,noOB,mofvRevisited2,1,229,13.9822,81877,0.0011527,10.7063,2.39681,5387,5,19,13.7346,195,973,1526,0.145754,0.0150307,13.4253,0.0010223,0.290657,0.0012309,0.273095
Kirlik14-KP_p-4_n-20_ins-2.dat,4,20,WLP,breadth,noOB,mofvRevisited2,1,143,19.6846,124006,0.0005993,14.6927,3.97894,4837,5,20,14.8776,310,904,1205,0.104387,0.0191515,19.0458,0.0008997,0.368026,0.0013179,0.349005
Kirlik14-KP_p-4_n-20_ins-3.dat,4,20,WLP,breadth,noOB,mofvRevisited2,1,325,25.3699,164551,0.0006364,19.4532,4.1851,9907,7,20,14.5182,425,1723,2806,0.426644,0.0276985,24.2425,0.0018977,0.483046,0.0024107,0.452442
Kirlik14-KP_p-4_n-20_ins-4.dat,4,20,WLP,breadth,noOB,mofvRevisited2,1,17,1.63758,10210,0.0006505,1.33681,0.230127,459,4,20,11.0174,7,74,149,0.0013401,0.001264,1.60057,8.61e-05,0.0214127,9.02e-05,0.0200012
Kirlik14-KP_p-4_n-20_ins-5.dat,4,20,WLP,breadth,noOB,mofvRevisited2,1,74,5.87575,35114,0.0006422,4.71485,0.89323,1693,5,20,12.4911,48,334,465,0.0164567,0.0051331,5.72506,0.0002951,0.0881695,0.0003547,0.0828312
Kirlik14-KP_p-4_n-20_ins-6.dat,4,20,WLP,breadth,noOB,mofvRevisited2,1,152,23.6847,135510,0.0006169,17.906,4.62417,5159,5,20,14.276,163,952,1465,0.114362,0.0215735,22.9412,0.0009874,0.443688,0.0013862,0.421355
Kirlik14-KP_p-4_n-20_ins-7.dat,4,20,WLP,breadth,noOB,mofvRevisited2,1,175,18.1369,112115,0.000607,14.0839,3.00761,6465,5,20,14.5255,151,1067,2015,0.152618,0.0175794,17.4934,0.0011337,0.342953,0.0015347,0.322293
Kirlik14-KP_p-4_n-20_ins-8.dat,4,20,WLP,breadth,noOB,mofvRevisited2,1,116,5.9159,34711,0.0006208,4.65963,0.983735,1513,5,20,12.0753,21,399,337,0.0223765,0.0056711,5.75418,0.0002588,0.0949185,0.0003518,0.0896144
Kirlik14-KP_p-4_n-20_ins-9.dat,4,20,WLP,breadth,noOB,mofvRevisited2,1,77,6.89111,40829,0.0006376,5.48354,1.1044,1775,5,20,12.5462,36,433,419,0.0180968,0.0057873,6.71562,0.0003063,0.106704,0.0004248,0.100697
Kirlik14-KP_p-4_n-30_ins-1.dat,4,30,WLP,breadth,noOB,mofvRevisited2,1,563,164.328,1006770,0.0006905,120.24,33.2341,28441,5,30,18.6173,308,3839,10074,3.32019,0.1898,156.819,0.0066835,2.76376,0.0103636,2.58993
Kirlik14-KP_p-4_n-30_ins-10.dat,4,30,WLP,breadth,noOB,mofvRevisited2,1,735,185.014,1122982,0.0018672,136.125,35.8937,35673,7,30,18.4733,184,6767,10886,4.65885,0.235149,175.9,0.0079095,2.86372,0.0120585,2.67363
Kirlik14-KP_p-4_n-30_ins-2.dat,4,30,WLP,breadth,noOB,mofvRevisited2,1,535,154.424,874194,0.0026133,114.444,30.9288,21721,6,30,18.5116,350,4572,5939,2.73084,0.178342,148.22,0.0056237,2.24725,0.0081079,2.10733
Kirlik14-KP_p-4_n-30_ins-3.dat,4,30,WLP,breadth,noOB,mofvRevisited2,1,226,43.729,264939,0.0006418,34.6362,6.89421,9645,5,30,17.0937,85,779,3959,0.374488,0.0410156,42.4937,0.0019064,0.555346,0.0026219,0.516302
Kirlik14-KP_p-4_n-30_ins-4.dat,4,30,WLP,breadth,noOB,mofvRevisited2,1,517,128.378,716780,0.00064,96.9423,23.9751,21039,7,30,17.6529,103,4378,6039,2.15682,0.1432,123.338,0.0048166,1.90237,0.0075332,1.77977
Kirlik14-KP_p-4_n-30_ins-5.dat,4,30,WLP,breadth,noOB,mofvRevisited2,1,281,43.7148,259253,0.0018403,33.379,7.98673,8881,5,30,16.751,30,2493,1918,0.416157,0.0510262,42.2953,0.0018299,0.673591,0.0026014,0.631269
Kirlik14-KP_p-4_n-30_ins-6.dat,4,30,WLP,breadth,noOB,mofvRevisited2,1,191,50.8187,298058,0.0006471,40.2863,8.02047,9993,6,30,17.1891,70,1080,3847,0.374455,0.0487195,49.3668,0.0021146,0.713791,0.0029837,0.667412
Kirlik14-KP_p-4_n-30_ins-7.dat,4,30,WLP,breadth,noOB,mofvRevisited2,1,480,129.29,771061,0.0048892,95.8217,24.9634,25889,6,30,18.8539,146,3979,8820,2.41457,0.151244,123.569,0.0057253,2.18482,0.0086356,2.04105
Kirlik14-KP_p-4_n-30_ins-8.dat,4,30,WLP,breadth,noOB,mofvRevisited2,1,262,78.2904,492105,0.0006269,59.1746,15.0159,14673,6,30,18.6813,154,1418,5765,0.733593,0.0796069,75.8414,0.0030597,1.10564,0.0046928,1.03403
Kirlik14-KP_p-4_n-30_ins-9.dat,4,30,WLP,breadth,noOB,mofvRevisited2,1,186,51.4875,322452,0.0009369,38.0395,10.8841,7779,5,30,16.7766,49,1448,2393,0.315395,0.0546618,49.9074,0.0016609,0.851873,0.0025122,0.80403
Kirlik14-KP_p-5_n-10_ins-1.dat,5,10,WLP,breadth,noOB,mofvRevisited2,1,20,0.432931,2059,0.0008222,0.262595,0.144117,133,3,10,7.26866,25,24,18,0.000403,0.000197,0.414085,2.36e-05,0.0090597,2.31e-05,0.0087115
Kirlik14-KP_p-5_n-10_ins-10.dat,5,10,WLP,breadth,noOB,mofvRevisited2,1,10,0.338466,1361,0.0007293,0.238319,0.0777966,89,3,10,6.53333,10,17,18,0.0004392,0.0001951,0.324604,2.61e-05,0.0066975,3.23e-05,0.0063629
Kirlik14-KP_p-5_n-10_ins-2.dat,5,10,WLP,breadth,noOB,mofvRevisited2,1,19,0.411911,1297,0.003688,0.249818,0.135873,107,2,10,7.11111,15,27,12,0.0004042,0.0001953,0.396721,2.06e-05,0.0065246,2.49e-05,0.006215
Kirlik14-KP_p-5_n-10_ins-3.dat,5,10,WLP,breadth,noOB,mofvRevisited2,1,23,0.653717,2535,0.0007698,0.356755,0.26304,141,4,10,6.8169,29,25,17,0.0007207,0.0002489,0.629328,2.9e-05,0.013845,3.05e-05,0.0134083
Kirlik14-KP_p-5_n-10_ins-4.dat,5,10,WLP,breadth,noOB,mofvRevisited2,1,28,0.670377,2768,0.000723,0.351883,0.287026,173,3,10,7.57471,29,41,17,0.000715,0.0002785,0.648096,2.56e-05,0.0126929,2.94e-05,0.0122635
Kirlik14-KP_p-5_n-10_ins-5.dat,5,10,WLP,breadth,noOB,mofvRevisited2,1,13,0.222565,1081,0.00075,0.159835,0.0445559,103,3,8,6.19231,14,11,27,0.0004761,0.000167,0.211055,2.27e-05,0.0050849,3.21e-05,0.0047543
Kirlik14-KP_p-5_n-10_ins-6.dat,5,10,WLP,breadth,noOB,mofvRevisited2,1,9,0.195463,817,0.0009677,0.138129,0.041116,71,3,9,5.88889,9,12,15,0.0003205,0.0001259,0.185676,2.46e-05,0.003891,2.22e-05,0.003529
Kirlik14-KP_p-5_n-10_ins-7.dat,5,10,WLP,breadth,noOB,mofvRevisited2,1,9,0.138238,597,0.0008317,0.0972049,0.03111,39,2,10,5.95,4,9,7,0.0001133,8.44e-05,0.132107,1e-05,0.0017687,1.3e-05,0.0016212
Kirlik14-KP_p-5_n-10_ins-8.dat,5,10,WLP,breadth,noOB,mofvRevisited2,1,25,0.54211,1883,0.0029616,0.31852,0.192065,143,4,9,6.66667,17,33,22,0.000772,0.0002995,0.523206,2.93e-05,0.0103331,3.94e-05,0.0098623
Kirlik14-KP_p-5_n-10_ins-9.dat,5,10,WLP,breadth,noOB,mofvRevisited2,1,6,0.342814,1137,0.001083,0.19657,0.120594,63,3,9,5.84375,5,16,11,0.0001257,0.0001446,0.323672,1.52e-05,0.0094383,1.95e-05,0.0091733
Kirlik14-KP_p-5_n-20_ins-1.dat,5,20,WLP,breadth,noOB,mofvRevisited2,1,220,75.3691,230566,0.006102,28.5026,44.3436,5327,6,20,14.0522,304,981,1379,0.532849,0.0300773,73.5189,0.0012295,0.912298,0.0019339,0.884349
Kirlik14-KP_p-5_n-20_ins-10.dat,5,20,WLP,breadth,noOB,mofvRevisited2,1,426,101.667,341693,0.0011891,42.1099,54.5361,9861,7,20,15.1158,406,2194,2331,2.08254,0.0502671,97.6828,0.0023789,1.27665,0.0036226,1.2323
Kirlik14-KP_p-5_n-20_ins-2.dat,5,20,WLP,breadth,noOB,mofvRevisited2,1,95,19.0732,63068,0.0007605,7.743,10.719,1833,5,19,12.157,50,260,607,0.0710948,0.0073592,18.6518,0.0003829,0.249297,0.0005281,0.241429
Kirlik14-KP_p-5_n-20_ins-3.dat,5,20,WLP,breadth,noOB,mofvRevisited2,1,76,10.1729,42998,0.000735,5.42481,4.35612,1611,4,18,12.0496,41,334,431,0.0372932,0.005155,9.91715,0.0003205,0.154763,0.0004417,0.148999
Kirlik14-KP_p-5_n-20_ins-4.dat,5,20,WLP,breadth,noOB,mofvRevisited2,1,89,4.60592,25650,0.0007367,3.02186,1.38924,1097,5,20,11.4918,24,195,330,0.0307985,0.0029334,4.49231,0.0001986,0.0502199,0.0002396,0.0473172
Kirlik14-KP_p-5_n-20_ins-5.dat,5,20,WLP,breadth,noOB,mofvRevisited2,1,110,20.124,76652,0.0009369,9.73785,9.67148,2707,5,20,12.9985,83,415,856,0.0959579,0.0087744,19.6502,0.0005115,0.265091,0.0007594,0.255373
Kirlik14-KP_p-5_n-20_ins-6.dat,5,20,WLP,breadth,noOB,mofvRevisited2,1,87,18.0089,67877,0.0007655,9.21875,8.24284,1873,4,19,12.5614,57,177,703,0.0616573,0.0067309,17.656,0.0003649,0.196577,0.0004952,0.189601
Kirlik14-KP_p-5_n-20_ins-7.dat,5,20,WLP,breadth,noOB,mofvRevisited2,1,61,12.3262,55104,0.0007398,7.1785,4.71009,1881,5,20,11.9341,48,290,603,0.0440073,0.0056706,12.0541,0.0003459,0.153754,0.0005205,0.147442
Kirlik14-KP_p-5_n-20_ins-8.dat,5,20,WLP,breadth,noOB,mofvRevisited2,1,211,73.2906,227809,0.000791,32.85,38.0565,5299,5,20,14.5253,392,973,1285,0.499344,0.0280528,71.5634,0.0011923,0.839523,0.0019035,0.813471
Kirlik14-KP_p-5_n-20_ins-9.dat,5,20,WLP,breadth,noOB,mofvRevisited2,1,237,17.1327,77528,0.0011302,9.2393,7.00892,3047,5,20,12.9888,61,840,623,0.259602,0.0126346,16.4998,0.0006036,0.258792,0.000855,0.248302
